id,dataset,model_name,task_type,gold_answer,n_templates,sens_heuristic,sens_judge,eas,signed_eas,mean_heuristic,mean_judge,stab_sem,effect_role_heuristic,effect_fmt_heuristic,effect_prefix_heuristic,effect_role_judge,effect_fmt_judge,effect_prefix_judge,trizone
arc_1,arc_challenge,qwen2.5:3b,mcq,B,8,0.0,0.5,0.5,-0.5,1.0,0.5,,0.0,0.0,0.0,0.0,1.0,0.0,stable
arc_1000,arc_challenge,qwen2.5:3b,mcq,A,8,0.0,0.33071891388307384,0.33071891388307384,-0.33071891388307384,1.0,0.875,,0.0,0.0,0.0,0.25,0.25,-0.25,stable
arc_1010,arc_challenge,qwen2.5:3b,mcq,D,8,0.0,0.0,0.0,0.0,1.0,1.0,,0.0,0.0,0.0,0.0,0.0,0.0,artifact
arc_1022,arc_challenge,qwen2.5:3b,mcq,D,8,0.0,0.0,0.0,0.0,1.0,1.0,,0.0,0.0,0.0,0.0,0.0,0.0,artifact
arc_1025,arc_challenge,qwen2.5:3b,mcq,C,8,0.4841229182759271,0.33071891388307384,0.1534040043928533,0.1534040043928533,0.375,0.125,,-0.25,-0.75,-0.25,-0.25,-0.25,-0.25,stable
arc_1034,arc_challenge,qwen2.5:3b,mcq,A,8,0.5,0.4330127018922193,0.0669872981077807,0.0669872981077807,0.5,0.25,,0.0,1.0,0.0,0.0,-0.5,0.0,stable
arc_1039,arc_challenge,qwen2.5:3b,mcq,B,8,0.0,0.33071891388307384,0.33071891388307384,-0.33071891388307384,0.0,0.125,,0.0,0.0,0.0,-0.25,-0.25,-0.25,stable
arc_1043,arc_challenge,qwen2.5:3b,mcq,C,8,0.0,0.0,0.0,0.0,1.0,1.0,,0.0,0.0,0.0,0.0,0.0,0.0,artifact
arc_1052,arc_challenge,qwen2.5:3b,mcq,D,8,0.0,0.0,0.0,0.0,0.0,0.0,,0.0,0.0,0.0,0.0,0.0,0.0,artifact
arc_1059,arc_challenge,qwen2.5:3b,mcq,B,8,0.4330127018922193,0.5,0.0669872981077807,-0.0669872981077807,0.75,0.5,,0.5,-0.5,0.0,0.5,0.0,0.5,stable
arc_1080,arc_challenge,qwen2.5:3b,mcq,A,8,0.0,0.5,0.5,-0.5,1.0,0.5,,0.0,0.0,0.0,0.0,1.0,0.0,stable
arc_1083,arc_challenge,qwen2.5:3b,mcq,A,8,0.0,0.5,0.5,-0.5,1.0,0.5,,0.0,0.0,0.0,0.0,1.0,0.0,stable
arc_1086,arc_challenge,qwen2.5:3b,mcq,C,8,0.0,0.0,0.0,0.0,1.0,1.0,,0.0,0.0,0.0,0.0,0.0,0.0,artifact
arc_1090,arc_challenge,qwen2.5:3b,mcq,A,8,0.5,0.33071891388307384,0.16928108611692616,0.16928108611692616,0.5,0.125,,0.0,-1.0,0.0,0.25,-0.25,-0.25,stable
arc_1093,arc_challenge,qwen2.5:3b,mcq,C,8,0.0,0.0,0.0,0.0,1.0,1.0,,0.0,0.0,0.0,0.0,0.0,0.0,artifact
arc_1098,arc_challenge,qwen2.5:3b,mcq,B,8,0.33071891388307384,0.33071891388307384,0.0,0.0,0.125,0.125,,0.25,0.25,-0.25,0.25,0.25,-0.25,stable
arc_1099,arc_challenge,qwen2.5:3b,mcq,D,8,0.0,0.0,0.0,0.0,1.0,1.0,,0.0,0.0,0.0,0.0,0.0,0.0,artifact
arc_110,arc_challenge,qwen2.5:3b,mcq,A,8,0.5,0.4841229182759271,0.015877081724072872,0.015877081724072872,0.5,0.375,,0.0,0.0,-1.0,0.25,0.25,-0.25,stable
arc_1103,arc_challenge,qwen2.5:3b,mcq,A,8,0.5,0.0,0.5,0.5,0.5,0.0,,0.0,-1.0,0.0,0.0,0.0,0.0,artifact
arc_1104,arc_challenge,qwen2.5:3b,mcq,C,8,0.5,0.33071891388307384,0.16928108611692616,0.16928108611692616,0.5,0.875,,0.0,1.0,0.0,-0.25,0.25,0.25,stable
arc_1116,arc_challenge,qwen2.5:3b,mcq,D,8,0.0,0.0,0.0,0.0,1.0,1.0,,0.0,0.0,0.0,0.0,0.0,0.0,artifact
arc_1125,arc_challenge,qwen2.5:3b,mcq,C,8,0.0,0.0,0.0,0.0,1.0,1.0,,0.0,0.0,0.0,0.0,0.0,0.0,artifact
arc_1127,arc_challenge,qwen2.5:3b,mcq,C,8,0.0,0.0,0.0,0.0,1.0,1.0,,0.0,0.0,0.0,0.0,0.0,0.0,artifact
arc_1130,arc_challenge,qwen2.5:3b,mcq,A,8,0.0,0.0,0.0,0.0,1.0,1.0,,0.0,0.0,0.0,0.0,0.0,0.0,artifact
arc_1133,arc_challenge,qwen2.5:3b,mcq,D,8,0.0,0.4330127018922193,0.4330127018922193,-0.4330127018922193,1.0,0.75,,0.0,0.0,0.0,0.0,0.5,0.0,stable
arc_1134,arc_challenge,qwen2.5:3b,mcq,C,8,0.0,0.33071891388307384,0.33071891388307384,-0.33071891388307384,0.0,0.125,,0.0,0.0,0.0,-0.25,-0.25,-0.25,stable
arc_114,arc_challenge,qwen2.5:3b,mcq,B,8,0.0,0.0,0.0,0.0,0.0,0.0,,0.0,0.0,0.0,0.0,0.0,0.0,artifact
arc_1140,arc_challenge,qwen2.5:3b,mcq,A,8,0.0,0.0,0.0,0.0,0.0,0.0,,0.0,0.0,0.0,0.0,0.0,0.0,artifact
arc_1149,arc_challenge,qwen2.5:3b,mcq,C,8,0.0,0.0,0.0,0.0,1.0,1.0,,0.0,0.0,0.0,0.0,0.0,0.0,artifact
arc_1161,arc_challenge,qwen2.5:3b,mcq,A,8,0.0,0.0,0.0,0.0,1.0,1.0,,0.0,0.0,0.0,0.0,0.0,0.0,artifact
arc_1169,arc_challenge,qwen2.5:3b,mcq,A,8,0.0,0.0,0.0,0.0,1.0,1.0,,0.0,0.0,0.0,0.0,0.0,0.0,artifact
arc_118,arc_challenge,qwen2.5:3b,mcq,D,8,0.5,0.5,0.0,0.0,0.5,0.5,,0.0,-1.0,0.0,0.0,-1.0,0.0,stable
arc_120,arc_challenge,qwen2.5:3b,mcq,A,8,0.0,0.4841229182759271,0.4841229182759271,-0.4841229182759271,1.0,0.625,,0.0,0.0,0.0,0.25,0.75,-0.25,stable
arc_124,arc_challenge,qwen2.5:3b,mcq,B,8,0.0,0.0,0.0,0.0,1.0,1.0,,0.0,0.0,0.0,0.0,0.0,0.0,artifact
arc_13,arc_challenge,qwen2.5:3b,mcq,C,8,0.4330127018922193,0.4330127018922193,0.0,0.0,0.25,0.25,,0.0,-0.5,-0.5,0.0,-0.5,-0.5,stable
arc_130,arc_challenge,qwen2.5:3b,mcq,B,8,0.0,0.0,0.0,0.0,1.0,1.0,,0.0,0.0,0.0,0.0,0.0,0.0,artifact
arc_131,arc_challenge,qwen2.5:3b,mcq,C,8,0.0,0.0,0.0,0.0,1.0,1.0,,0.0,0.0,0.0,0.0,0.0,0.0,artifact
arc_135,arc_challenge,qwen2.5:3b,mcq,2,8,0.4841229182759271,0.5,0.015877081724072872,-0.015877081724072872,0.375,0.5,,0.25,-0.75,0.25,0.0,-1.0,0.0,stable
arc_138,arc_challenge,qwen2.5:3b,mcq,A,8,0.0,0.0,0.0,0.0,1.0,1.0,,0.0,0.0,0.0,0.0,0.0,0.0,artifact
arc_14,arc_challenge,qwen2.5:3b,mcq,C,8,0.5,0.5,0.0,0.0,0.5,0.5,,-0.5,-0.5,0.0,-0.5,-0.5,0.0,stable
arc_141,arc_challenge,qwen2.5:3b,mcq,C,8,0.0,0.0,0.0,0.0,1.0,1.0,,0.0,0.0,0.0,0.0,0.0,0.0,artifact
arc_142,arc_challenge,qwen2.5:3b,mcq,A,8,0.33071891388307384,0.4841229182759271,0.1534040043928533,-0.1534040043928533,0.875,0.375,,0.25,-0.25,0.25,0.25,0.75,0.25,stable
arc_145,arc_challenge,qwen2.5:3b,mcq,C,8,0.0,0.5,0.5,-0.5,1.0,0.5,,0.0,0.0,0.0,0.0,1.0,0.0,stable
arc_146,arc_challenge,qwen2.5:3b,mcq,B,8,0.0,0.0,0.0,0.0,0.0,0.0,,0.0,0.0,0.0,0.0,0.0,0.0,artifact
arc_154,arc_challenge,qwen2.5:3b,mcq,B,8,0.0,0.0,0.0,0.0,0.0,0.0,,0.0,0.0,0.0,0.0,0.0,0.0,artifact
arc_161,arc_challenge,qwen2.5:3b,mcq,D,8,0.0,0.4330127018922193,0.4330127018922193,-0.4330127018922193,1.0,0.75,,0.0,0.0,0.0,-0.5,0.5,0.0,stable
arc_163,arc_challenge,qwen2.5:3b,mcq,B,8,0.0,0.5,0.5,-0.5,1.0,0.5,,0.0,0.0,0.0,0.0,1.0,0.0,stable
arc_175,arc_challenge,qwen2.5:3b,mcq,A,8,0.0,0.5,0.5,-0.5,1.0,0.5,,0.0,0.0,0.0,0.0,1.0,0.0,stable
arc_178,arc_challenge,qwen2.5:3b,mcq,B,8,0.0,0.0,0.0,0.0,1.0,1.0,,0.0,0.0,0.0,0.0,0.0,0.0,artifact
arc_186,arc_challenge,qwen2.5:3b,mcq,D,8,0.0,0.0,0.0,0.0,1.0,1.0,,0.0,0.0,0.0,0.0,0.0,0.0,artifact
arc_189,arc_challenge,qwen2.5:3b,mcq,C,8,0.0,0.5,0.5,-0.5,1.0,0.5,,0.0,0.0,0.0,0.0,1.0,0.0,stable
arc_191,arc_challenge,qwen2.5:3b,mcq,B,8,0.0,0.4841229182759271,0.4841229182759271,-0.4841229182759271,1.0,0.625,,0.0,0.0,0.0,0.25,0.75,-0.25,stable
arc_193,arc_challenge,qwen2.5:3b,mcq,D,8,0.0,0.0,0.0,0.0,1.0,1.0,,0.0,0.0,0.0,0.0,0.0,0.0,artifact
arc_198,arc_challenge,qwen2.5:3b,mcq,B,8,0.0,0.0,0.0,0.0,1.0,1.0,,0.0,0.0,0.0,0.0,0.0,0.0,artifact
arc_200,arc_challenge,qwen2.5:3b,mcq,C,8,0.0,0.0,0.0,0.0,1.0,1.0,,0.0,0.0,0.0,0.0,0.0,0.0,artifact
arc_201,arc_challenge,qwen2.5:3b,mcq,C,8,0.0,0.0,0.0,0.0,1.0,1.0,,0.0,0.0,0.0,0.0,0.0,0.0,artifact
arc_206,arc_challenge,qwen2.5:3b,mcq,B,8,0.0,0.0,0.0,0.0,1.0,1.0,,0.0,0.0,0.0,0.0,0.0,0.0,artifact
arc_209,arc_challenge,qwen2.5:3b,mcq,C,8,0.0,0.0,0.0,0.0,1.0,1.0,,0.0,0.0,0.0,0.0,0.0,0.0,artifact
arc_217,arc_challenge,qwen2.5:3b,mcq,A,8,0.0,0.5,0.5,-0.5,0.0,0.5,,0.0,0.0,0.0,0.0,-1.0,0.0,stable
arc_223,arc_challenge,qwen2.5:3b,mcq,A,8,0.0,0.0,0.0,0.0,1.0,1.0,,0.0,0.0,0.0,0.0,0.0,0.0,artifact
arc_224,arc_challenge,qwen2.5:3b,mcq,A,8,0.0,0.4330127018922193,0.4330127018922193,-0.4330127018922193,0.0,0.25,,0.0,0.0,0.0,0.0,-0.5,-0.5,stable
arc_228,arc_challenge,qwen2.5:3b,mcq,B,8,0.0,0.0,0.0,0.0,1.0,1.0,,0.0,0.0,0.0,0.0,0.0,0.0,artifact
arc_229,arc_challenge,qwen2.5:3b,mcq,B,8,0.0,0.0,0.0,0.0,1.0,1.0,,0.0,0.0,0.0,0.0,0.0,0.0,artifact
arc_23,arc_challenge,qwen2.5:3b,mcq,C,8,0.0,0.5,0.5,-0.5,1.0,0.5,,0.0,0.0,0.0,0.0,1.0,0.0,stable
arc_234,arc_challenge,qwen2.5:3b,mcq,C,8,0.0,0.33071891388307384,0.33071891388307384,-0.33071891388307384,1.0,0.875,,0.0,0.0,0.0,-0.25,0.25,0.25,stable
arc_247,arc_challenge,qwen2.5:3b,mcq,C,8,0.0,0.0,0.0,0.0,1.0,1.0,,0.0,0.0,0.0,0.0,0.0,0.0,artifact
arc_255,arc_challenge,qwen2.5:3b,mcq,A,8,0.0,0.33071891388307384,0.33071891388307384,-0.33071891388307384,0.0,0.125,,0.0,0.0,0.0,0.25,-0.25,-0.25,stable
arc_257,arc_challenge,qwen2.5:3b,mcq,A,8,0.5,0.4330127018922193,0.0669872981077807,0.0669872981077807,0.5,0.25,,0.0,-1.0,0.0,0.0,-0.5,-0.5,stable
arc_262,arc_challenge,qwen2.5:3b,mcq,A,8,0.0,0.4841229182759271,0.4841229182759271,-0.4841229182759271,1.0,0.625,,0.0,0.0,0.0,-0.25,0.75,-0.25,stable
arc_270,arc_challenge,qwen2.5:3b,mcq,C,8,0.0,0.4330127018922193,0.4330127018922193,-0.4330127018922193,1.0,0.75,,0.0,0.0,0.0,0.0,0.5,-0.5,stable
arc_283,arc_challenge,qwen2.5:3b,mcq,B,8,0.0,0.0,0.0,0.0,1.0,1.0,,0.0,0.0,0.0,0.0,0.0,0.0,artifact
arc_285,arc_challenge,qwen2.5:3b,mcq,C,8,0.0,0.4841229182759271,0.4841229182759271,-0.4841229182759271,1.0,0.375,,0.0,0.0,0.0,-0.25,0.25,0.25,stable
arc_287,arc_challenge,qwen2.5:3b,mcq,C,8,0.0,0.5,0.5,-0.5,1.0,0.5,,0.0,0.0,0.0,0.0,1.0,0.0,stable
arc_292,arc_challenge,qwen2.5:3b,mcq,C,8,0.0,0.5,0.5,-0.5,1.0,0.5,,0.0,0.0,0.0,0.0,1.0,0.0,stable
arc_313,arc_challenge,qwen2.5:3b,mcq,3,8,0.0,0.4330127018922193,0.4330127018922193,-0.4330127018922193,0.0,0.25,,0.0,0.0,0.0,0.0,-0.5,0.5,stable
arc_318,arc_challenge,qwen2.5:3b,mcq,A,8,0.0,0.0,0.0,0.0,1.0,1.0,,0.0,0.0,0.0,0.0,0.0,0.0,artifact
arc_323,arc_challenge,qwen2.5:3b,mcq,B,8,0.0,0.0,0.0,0.0,1.0,1.0,,0.0,0.0,0.0,0.0,0.0,0.0,artifact
arc_326,arc_challenge,qwen2.5:3b,mcq,B,8,0.0,0.0,0.0,0.0,1.0,1.0,,0.0,0.0,0.0,0.0,0.0,0.0,artifact
arc_327,arc_challenge,qwen2.5:3b,mcq,D,8,0.33071891388307384,0.33071891388307384,0.0,0.0,0.875,0.875,,-0.25,-0.25,-0.25,-0.25,-0.25,-0.25,stable
arc_330,arc_challenge,qwen2.5:3b,mcq,D,8,0.0,0.5,0.5,-0.5,0.0,0.5,,0.0,0.0,0.0,0.0,-1.0,0.0,stable
arc_333,arc_challenge,qwen2.5:3b,mcq,B,8,0.0,0.0,0.0,0.0,1.0,1.0,,0.0,0.0,0.0,0.0,0.0,0.0,artifact
arc_334,arc_challenge,qwen2.5:3b,mcq,C,8,0.4841229182759271,0.4841229182759271,0.0,0.0,0.625,0.375,,-0.75,-0.25,-0.25,-0.25,0.25,-0.25,stable
arc_338,arc_challenge,qwen2.5:3b,mcq,A,8,0.0,0.4841229182759271,0.4841229182759271,-0.4841229182759271,0.0,0.375,,0.0,0.0,0.0,-0.25,-0.75,0.25,stable
arc_350,arc_challenge,qwen2.5:3b,mcq,D,8,0.0,0.0,0.0,0.0,0.0,0.0,,0.0,0.0,0.0,0.0,0.0,0.0,artifact
arc_365,arc_challenge,qwen2.5:3b,mcq,B,8,0.0,0.4330127018922193,0.4330127018922193,-0.4330127018922193,1.0,0.75,,0.0,0.0,0.0,0.5,0.5,0.0,stable
arc_375,arc_challenge,qwen2.5:3b,mcq,D,8,0.0,0.0,0.0,0.0,1.0,1.0,,0.0,0.0,0.0,0.0,0.0,0.0,artifact
arc_389,arc_challenge,qwen2.5:3b,mcq,A,8,0.0,0.0,0.0,0.0,1.0,1.0,,0.0,0.0,0.0,0.0,0.0,0.0,artifact
arc_39,arc_challenge,qwen2.5:3b,mcq,B,8,0.0,0.0,0.0,0.0,1.0,1.0,,0.0,0.0,0.0,0.0,0.0,0.0,artifact
arc_392,arc_challenge,qwen2.5:3b,mcq,C,8,0.0,0.5,0.5,-0.5,1.0,0.5,,0.0,0.0,0.0,0.0,1.0,0.0,stable
arc_393,arc_challenge,qwen2.5:3b,mcq,B,8,0.0,0.33071891388307384,0.33071891388307384,-0.33071891388307384,0.0,0.125,,0.0,0.0,0.0,-0.25,-0.25,-0.25,stable
arc_407,arc_challenge,qwen2.5:3b,mcq,D,8,0.0,0.4330127018922193,0.4330127018922193,-0.4330127018922193,1.0,0.75,,0.0,0.0,0.0,0.0,0.5,-0.5,stable
arc_411,arc_challenge,qwen2.5:3b,mcq,D,8,0.5,0.4841229182759271,0.015877081724072872,0.015877081724072872,0.5,0.625,,0.0,1.0,0.0,-0.25,0.75,-0.25,stable
arc_429,arc_challenge,qwen2.5:3b,mcq,B,8,0.0,0.0,0.0,0.0,1.0,1.0,,0.0,0.0,0.0,0.0,0.0,0.0,artifact
arc_43,arc_challenge,qwen2.5:3b,mcq,D,8,0.0,0.0,0.0,0.0,1.0,1.0,,0.0,0.0,0.0,0.0,0.0,0.0,artifact
arc_432,arc_challenge,qwen2.5:3b,mcq,D,8,0.0,0.0,0.0,0.0,1.0,1.0,,0.0,0.0,0.0,0.0,0.0,0.0,artifact
arc_433,arc_challenge,qwen2.5:3b,mcq,C,8,0.0,0.0,0.0,0.0,1.0,1.0,,0.0,0.0,0.0,0.0,0.0,0.0,artifact
arc_435,arc_challenge,qwen2.5:3b,mcq,B,8,0.4330127018922193,0.4841229182759271,0.05111021638370783,-0.05111021638370783,0.75,0.625,,0.0,0.5,0.5,-0.25,0.75,0.25,stable
arc_438,arc_challenge,qwen2.5:3b,mcq,A,8,0.0,0.5,0.5,-0.5,1.0,0.5,,0.0,0.0,0.0,0.0,1.0,0.0,stable
arc_440,arc_challenge,qwen2.5:3b,mcq,D,8,0.0,0.0,0.0,0.0,1.0,1.0,,0.0,0.0,0.0,0.0,0.0,0.0,artifact
arc_447,arc_challenge,qwen2.5:3b,mcq,D,8,0.0,0.0,0.0,0.0,1.0,1.0,,0.0,0.0,0.0,0.0,0.0,0.0,artifact
arc_449,arc_challenge,qwen2.5:3b,mcq,D,8,0.0,0.0,0.0,0.0,1.0,1.0,,0.0,0.0,0.0,0.0,0.0,0.0,artifact
arc_451,arc_challenge,qwen2.5:3b,mcq,B,8,0.0,0.0,0.0,0.0,1.0,1.0,,0.0,0.0,0.0,0.0,0.0,0.0,artifact
arc_457,arc_challenge,qwen2.5:3b,mcq,C,8,0.0,0.5,0.5,-0.5,1.0,0.5,,0.0,0.0,0.0,0.0,1.0,0.0,stable
arc_460,arc_challenge,qwen2.5:3b,mcq,A,8,0.0,0.0,0.0,0.0,0.0,0.0,,0.0,0.0,0.0,0.0,0.0,0.0,artifact
arc_466,arc_challenge,qwen2.5:3b,mcq,B,8,0.0,0.0,0.0,0.0,1.0,1.0,,0.0,0.0,0.0,0.0,0.0,0.0,artifact
arc_468,arc_challenge,qwen2.5:3b,mcq,A,8,0.0,0.0,0.0,0.0,1.0,1.0,,0.0,0.0,0.0,0.0,0.0,0.0,artifact
arc_469,arc_challenge,qwen2.5:3b,mcq,C,8,0.0,0.0,0.0,0.0,1.0,1.0,,0.0,0.0,0.0,0.0,0.0,0.0,artifact
arc_471,arc_challenge,qwen2.5:3b,mcq,D,8,0.0,0.0,0.0,0.0,1.0,1.0,,0.0,0.0,0.0,0.0,0.0,0.0,artifact
arc_476,arc_challenge,qwen2.5:3b,mcq,B,8,0.0,0.0,0.0,0.0,1.0,1.0,,0.0,0.0,0.0,0.0,0.0,0.0,artifact
arc_487,arc_challenge,qwen2.5:3b,mcq,D,8,0.0,0.0,0.0,0.0,1.0,1.0,,0.0,0.0,0.0,0.0,0.0,0.0,artifact
arc_490,arc_challenge,qwen2.5:3b,mcq,B,8,0.0,0.0,0.0,0.0,1.0,1.0,,0.0,0.0,0.0,0.0,0.0,0.0,artifact
arc_493,arc_challenge,qwen2.5:3b,mcq,B,8,0.0,0.0,0.0,0.0,1.0,1.0,,0.0,0.0,0.0,0.0,0.0,0.0,artifact
arc_497,arc_challenge,qwen2.5:3b,mcq,B,8,0.0,0.0,0.0,0.0,0.0,0.0,,0.0,0.0,0.0,0.0,0.0,0.0,artifact
arc_501,arc_challenge,qwen2.5:3b,mcq,A,8,0.0,0.5,0.5,-0.5,1.0,0.5,,0.0,0.0,0.0,0.0,1.0,0.0,stable
arc_505,arc_challenge,qwen2.5:3b,mcq,B,8,0.0,0.5,0.5,-0.5,0.0,0.5,,0.0,0.0,0.0,0.0,-1.0,0.0,stable
arc_507,arc_challenge,qwen2.5:3b,mcq,B,8,0.0,0.0,0.0,0.0,1.0,1.0,,0.0,0.0,0.0,0.0,0.0,0.0,artifact
arc_509,arc_challenge,qwen2.5:3b,mcq,A,8,0.0,0.4330127018922193,0.4330127018922193,-0.4330127018922193,1.0,0.75,,0.0,0.0,0.0,0.0,0.5,-0.5,stable
arc_51,arc_challenge,qwen2.5:3b,mcq,C,8,0.0,0.0,0.0,0.0,1.0,1.0,,0.0,0.0,0.0,0.0,0.0,0.0,artifact
arc_511,arc_challenge,qwen2.5:3b,mcq,C,8,0.0,0.0,0.0,0.0,0.0,0.0,,0.0,0.0,0.0,0.0,0.0,0.0,artifact
arc_514,arc_challenge,qwen2.5:3b,mcq,C,8,0.0,0.0,0.0,0.0,1.0,1.0,,0.0,0.0,0.0,0.0,0.0,0.0,artifact
arc_538,arc_challenge,qwen2.5:3b,mcq,B,8,0.0,0.0,0.0,0.0,1.0,1.0,,0.0,0.0,0.0,0.0,0.0,0.0,artifact
arc_539,arc_challenge,qwen2.5:3b,mcq,D,8,0.0,0.0,0.0,0.0,1.0,1.0,,0.0,0.0,0.0,0.0,0.0,0.0,artifact
arc_54,arc_challenge,qwen2.5:3b,mcq,C,8,0.0,0.4330127018922193,0.4330127018922193,-0.4330127018922193,0.0,0.25,,0.0,0.0,0.0,0.0,-0.5,-0.5,stable
arc_541,arc_challenge,qwen2.5:3b,mcq,C,8,0.0,0.0,0.0,0.0,1.0,1.0,,0.0,0.0,0.0,0.0,0.0,0.0,artifact
arc_542,arc_challenge,qwen2.5:3b,mcq,C,8,0.0,0.0,0.0,0.0,1.0,1.0,,0.0,0.0,0.0,0.0,0.0,0.0,artifact
arc_546,arc_challenge,qwen2.5:3b,mcq,1,8,0.4841229182759271,0.5,0.015877081724072872,-0.015877081724072872,0.375,0.5,,-0.25,-0.75,0.25,0.0,-1.0,0.0,stable
arc_548,arc_challenge,qwen2.5:3b,mcq,B,8,0.0,0.4330127018922193,0.4330127018922193,-0.4330127018922193,1.0,0.75,,0.0,0.0,0.0,0.0,0.5,-0.5,stable
arc_552,arc_challenge,qwen2.5:3b,mcq,C,8,0.0,0.5,0.5,-0.5,1.0,0.5,,0.0,0.0,0.0,0.0,1.0,0.0,stable
arc_563,arc_challenge,qwen2.5:3b,mcq,A,8,0.0,0.4330127018922193,0.4330127018922193,-0.4330127018922193,0.0,0.25,,0.0,0.0,0.0,0.0,-0.5,-0.5,stable
arc_569,arc_challenge,qwen2.5:3b,mcq,D,8,0.0,0.0,0.0,0.0,1.0,1.0,,0.0,0.0,0.0,0.0,0.0,0.0,artifact
arc_570,arc_challenge,qwen2.5:3b,mcq,D,8,0.0,0.0,0.0,0.0,0.0,0.0,,0.0,0.0,0.0,0.0,0.0,0.0,artifact
arc_592,arc_challenge,qwen2.5:3b,mcq,C,8,0.0,0.0,0.0,0.0,1.0,1.0,,0.0,0.0,0.0,0.0,0.0,0.0,artifact
arc_6,arc_challenge,qwen2.5:3b,mcq,C,8,0.0,0.0,0.0,0.0,1.0,1.0,,0.0,0.0,0.0,0.0,0.0,0.0,artifact
arc_600,arc_challenge,qwen2.5:3b,mcq,B,8,0.0,0.0,0.0,0.0,1.0,1.0,,0.0,0.0,0.0,0.0,0.0,0.0,artifact
arc_601,arc_challenge,qwen2.5:3b,mcq,D,8,0.0,0.5,0.5,-0.5,1.0,0.5,,0.0,0.0,0.0,0.0,1.0,0.0,stable
arc_61,arc_challenge,qwen2.5:3b,mcq,B,8,0.0,0.0,0.0,0.0,1.0,1.0,,0.0,0.0,0.0,0.0,0.0,0.0,artifact
arc_611,arc_challenge,qwen2.5:3b,mcq,B,8,0.0,0.0,0.0,0.0,1.0,1.0,,0.0,0.0,0.0,0.0,0.0,0.0,artifact
arc_629,arc_challenge,qwen2.5:3b,mcq,B,8,0.4330127018922193,0.4841229182759271,0.05111021638370783,-0.05111021638370783,0.25,0.375,,-0.5,-0.5,0.0,0.25,-0.75,0.25,stable
arc_638,arc_challenge,qwen2.5:3b,mcq,C,8,0.0,0.5,0.5,-0.5,1.0,0.5,,0.0,0.0,0.0,0.0,1.0,0.0,stable
arc_64,arc_challenge,qwen2.5:3b,mcq,D,8,0.0,0.4330127018922193,0.4330127018922193,-0.4330127018922193,0.0,0.25,,0.0,0.0,0.0,0.0,-0.5,-0.5,stable
arc_644,arc_challenge,qwen2.5:3b,mcq,A,8,0.0,0.0,0.0,0.0,1.0,1.0,,0.0,0.0,0.0,0.0,0.0,0.0,artifact
arc_646,arc_challenge,qwen2.5:3b,mcq,C,8,0.0,0.0,0.0,0.0,1.0,1.0,,0.0,0.0,0.0,0.0,0.0,0.0,artifact
arc_65,arc_challenge,qwen2.5:3b,mcq,A,8,0.0,0.0,0.0,0.0,1.0,1.0,,0.0,0.0,0.0,0.0,0.0,0.0,artifact
arc_663,arc_challenge,qwen2.5:3b,mcq,A,8,0.0,0.0,0.0,0.0,0.0,0.0,,0.0,0.0,0.0,0.0,0.0,0.0,artifact
arc_664,arc_challenge,qwen2.5:3b,mcq,C,8,0.0,0.0,0.0,0.0,1.0,1.0,,0.0,0.0,0.0,0.0,0.0,0.0,artifact
arc_676,arc_challenge,qwen2.5:3b,mcq,B,8,0.0,0.0,0.0,0.0,1.0,1.0,,0.0,0.0,0.0,0.0,0.0,0.0,artifact
arc_689,arc_challenge,qwen2.5:3b,mcq,D,8,0.0,0.0,0.0,0.0,1.0,1.0,,0.0,0.0,0.0,0.0,0.0,0.0,artifact
arc_692,arc_challenge,qwen2.5:3b,mcq,A,8,0.0,0.0,0.0,0.0,1.0,1.0,,0.0,0.0,0.0,0.0,0.0,0.0,artifact
arc_694,arc_challenge,qwen2.5:3b,mcq,A,8,0.0,0.0,0.0,0.0,1.0,1.0,,0.0,0.0,0.0,0.0,0.0,0.0,artifact
arc_696,arc_challenge,qwen2.5:3b,mcq,C,8,0.0,0.4330127018922193,0.4330127018922193,-0.4330127018922193,1.0,0.75,,0.0,0.0,0.0,0.0,0.5,0.5,stable
arc_704,arc_challenge,qwen2.5:3b,mcq,B,8,0.0,0.0,0.0,0.0,1.0,1.0,,0.0,0.0,0.0,0.0,0.0,0.0,artifact
arc_725,arc_challenge,qwen2.5:3b,mcq,B,8,0.0,0.0,0.0,0.0,1.0,1.0,,0.0,0.0,0.0,0.0,0.0,0.0,artifact
arc_727,arc_challenge,qwen2.5:3b,mcq,C,8,0.0,0.0,0.0,0.0,1.0,1.0,,0.0,0.0,0.0,0.0,0.0,0.0,artifact
arc_735,arc_challenge,qwen2.5:3b,mcq,D,8,0.0,0.33071891388307384,0.33071891388307384,-0.33071891388307384,1.0,0.875,,0.0,0.0,0.0,0.25,0.25,-0.25,stable
arc_740,arc_challenge,qwen2.5:3b,mcq,B,8,0.0,0.0,0.0,0.0,1.0,1.0,,0.0,0.0,0.0,0.0,0.0,0.0,artifact
arc_741,arc_challenge,qwen2.5:3b,mcq,D,8,0.0,0.0,0.0,0.0,1.0,1.0,,0.0,0.0,0.0,0.0,0.0,0.0,artifact
arc_743,arc_challenge,qwen2.5:3b,mcq,D,8,0.0,0.4841229182759271,0.4841229182759271,-0.4841229182759271,1.0,0.625,,0.0,0.0,0.0,0.25,0.75,-0.25,stable
arc_747,arc_challenge,qwen2.5:3b,mcq,C,8,0.0,0.0,0.0,0.0,0.0,0.0,,0.0,0.0,0.0,0.0,0.0,0.0,artifact
arc_758,arc_challenge,qwen2.5:3b,mcq,A,8,0.0,0.33071891388307384,0.33071891388307384,-0.33071891388307384,1.0,0.875,,0.0,0.0,0.0,0.25,0.25,-0.25,stable
arc_764,arc_challenge,qwen2.5:3b,mcq,B,8,0.0,0.0,0.0,0.0,1.0,1.0,,0.0,0.0,0.0,0.0,0.0,0.0,artifact
arc_765,arc_challenge,qwen2.5:3b,mcq,A,8,0.33071891388307384,0.5,0.16928108611692616,-0.16928108611692616,0.875,0.5,,-0.25,0.25,-0.25,0.0,1.0,0.0,stable
arc_775,arc_challenge,qwen2.5:3b,mcq,A,8,0.0,0.0,0.0,0.0,1.0,1.0,,0.0,0.0,0.0,0.0,0.0,0.0,artifact
arc_777,arc_challenge,qwen2.5:3b,mcq,D,8,0.0,0.0,0.0,0.0,0.0,0.0,,0.0,0.0,0.0,0.0,0.0,0.0,artifact
arc_778,arc_challenge,qwen2.5:3b,mcq,B,8,0.0,0.5,0.5,-0.5,1.0,0.5,,0.0,0.0,0.0,0.0,1.0,0.0,stable
arc_781,arc_challenge,qwen2.5:3b,mcq,B,8,0.0,0.0,0.0,0.0,1.0,1.0,,0.0,0.0,0.0,0.0,0.0,0.0,artifact
arc_788,arc_challenge,qwen2.5:3b,mcq,C,8,0.0,0.0,0.0,0.0,1.0,1.0,,0.0,0.0,0.0,0.0,0.0,0.0,artifact
arc_810,arc_challenge,qwen2.5:3b,mcq,C,8,0.0,0.0,0.0,0.0,1.0,1.0,,0.0,0.0,0.0,0.0,0.0,0.0,artifact
arc_817,arc_challenge,qwen2.5:3b,mcq,D,8,0.0,0.0,0.0,0.0,0.0,0.0,,0.0,0.0,0.0,0.0,0.0,0.0,artifact
arc_821,arc_challenge,qwen2.5:3b,mcq,A,8,0.0,0.0,0.0,0.0,1.0,1.0,,0.0,0.0,0.0,0.0,0.0,0.0,artifact
arc_824,arc_challenge,qwen2.5:3b,mcq,D,8,0.0,0.0,0.0,0.0,1.0,1.0,,0.0,0.0,0.0,0.0,0.0,0.0,artifact
arc_833,arc_challenge,qwen2.5:3b,mcq,D,8,0.0,0.5,0.5,-0.5,1.0,0.5,,0.0,0.0,0.0,0.0,1.0,0.0,stable
arc_841,arc_challenge,qwen2.5:3b,mcq,B,8,0.0,0.5,0.5,-0.5,1.0,0.5,,0.0,0.0,0.0,0.0,1.0,0.0,stable
arc_859,arc_challenge,qwen2.5:3b,mcq,B,8,0.33071891388307384,0.4330127018922193,0.10229378800914546,-0.10229378800914546,0.125,0.25,,-0.25,0.25,-0.25,-0.5,0.0,-0.5,stable
arc_864,arc_challenge,qwen2.5:3b,mcq,D,8,0.5,0.4841229182759271,0.015877081724072872,0.015877081724072872,0.5,0.375,,-1.0,0.0,0.0,-0.25,0.25,-0.25,stable
arc_865,arc_challenge,qwen2.5:3b,mcq,C,8,0.0,0.0,0.0,0.0,0.0,0.0,,0.0,0.0,0.0,0.0,0.0,0.0,artifact
arc_866,arc_challenge,qwen2.5:3b,mcq,B,8,0.0,0.0,0.0,0.0,1.0,1.0,,0.0,0.0,0.0,0.0,0.0,0.0,artifact
arc_867,arc_challenge,qwen2.5:3b,mcq,C,8,0.0,0.0,0.0,0.0,1.0,1.0,,0.0,0.0,0.0,0.0,0.0,0.0,artifact
arc_877,arc_challenge,qwen2.5:3b,mcq,A,8,0.0,0.0,0.0,0.0,1.0,1.0,,0.0,0.0,0.0,0.0,0.0,0.0,artifact
arc_88,arc_challenge,qwen2.5:3b,mcq,C,8,0.0,0.33071891388307384,0.33071891388307384,-0.33071891388307384,0.0,0.125,,0.0,0.0,0.0,-0.25,-0.25,-0.25,stable
arc_882,arc_challenge,qwen2.5:3b,mcq,D,8,0.0,0.5,0.5,-0.5,1.0,0.5,,0.0,0.0,0.0,0.0,1.0,0.0,stable
arc_890,arc_challenge,qwen2.5:3b,mcq,B,8,0.0,0.5,0.5,-0.5,1.0,0.5,,0.0,0.0,0.0,0.0,1.0,0.0,stable
arc_897,arc_challenge,qwen2.5:3b,mcq,D,8,0.0,0.0,0.0,0.0,1.0,1.0,,0.0,0.0,0.0,0.0,0.0,0.0,artifact
arc_907,arc_challenge,qwen2.5:3b,mcq,A,8,0.0,0.4330127018922193,0.4330127018922193,-0.4330127018922193,1.0,0.75,,0.0,0.0,0.0,0.0,0.5,-0.5,stable
arc_918,arc_challenge,qwen2.5:3b,mcq,D,8,0.0,0.5,0.5,-0.5,1.0,0.5,,0.0,0.0,0.0,0.0,1.0,0.0,stable
arc_919,arc_challenge,qwen2.5:3b,mcq,B,8,0.0,0.0,0.0,0.0,0.0,0.0,,0.0,0.0,0.0,0.0,0.0,0.0,artifact
arc_924,arc_challenge,qwen2.5:3b,mcq,B,8,0.0,0.0,0.0,0.0,1.0,1.0,,0.0,0.0,0.0,0.0,0.0,0.0,artifact
arc_928,arc_challenge,qwen2.5:3b,mcq,D,8,0.0,0.0,0.0,0.0,1.0,1.0,,0.0,0.0,0.0,0.0,0.0,0.0,artifact
arc_929,arc_challenge,qwen2.5:3b,mcq,A,8,0.0,0.5,0.5,-0.5,1.0,0.5,,0.0,0.0,0.0,0.0,1.0,0.0,stable
arc_93,arc_challenge,qwen2.5:3b,mcq,A,8,0.0,0.0,0.0,0.0,1.0,1.0,,0.0,0.0,0.0,0.0,0.0,0.0,artifact
arc_939,arc_challenge,qwen2.5:3b,mcq,D,8,0.0,0.4841229182759271,0.4841229182759271,-0.4841229182759271,0.0,0.375,,0.0,0.0,0.0,-0.25,-0.75,-0.25,stable
arc_940,arc_challenge,qwen2.5:3b,mcq,B,8,0.0,0.0,0.0,0.0,1.0,1.0,,0.0,0.0,0.0,0.0,0.0,0.0,artifact
arc_946,arc_challenge,qwen2.5:3b,mcq,C,8,0.0,0.0,0.0,0.0,1.0,1.0,,0.0,0.0,0.0,0.0,0.0,0.0,artifact
arc_947,arc_challenge,qwen2.5:3b,mcq,C,8,0.0,0.0,0.0,0.0,1.0,1.0,,0.0,0.0,0.0,0.0,0.0,0.0,artifact
arc_956,arc_challenge,qwen2.5:3b,mcq,C,8,0.0,0.0,0.0,0.0,1.0,1.0,,0.0,0.0,0.0,0.0,0.0,0.0,artifact
arc_958,arc_challenge,qwen2.5:3b,mcq,D,8,0.0,0.4841229182759271,0.4841229182759271,-0.4841229182759271,1.0,0.625,,0.0,0.0,0.0,-0.25,0.75,-0.25,stable
arc_96,arc_challenge,qwen2.5:3b,mcq,C,8,0.0,0.0,0.0,0.0,1.0,1.0,,0.0,0.0,0.0,0.0,0.0,0.0,artifact
arc_968,arc_challenge,qwen2.5:3b,mcq,C,8,0.0,0.0,0.0,0.0,1.0,1.0,,0.0,0.0,0.0,0.0,0.0,0.0,artifact
arc_973,arc_challenge,qwen2.5:3b,mcq,D,8,0.0,0.0,0.0,0.0,1.0,1.0,,0.0,0.0,0.0,0.0,0.0,0.0,artifact
arc_994,arc_challenge,qwen2.5:3b,mcq,C,8,0.0,0.0,0.0,0.0,1.0,1.0,,0.0,0.0,0.0,0.0,0.0,0.0,artifact
arc_995,arc_challenge,qwen2.5:3b,mcq,B,8,0.0,0.5,0.5,-0.5,1.0,0.5,,0.0,0.0,0.0,0.0,1.0,0.0,stable
boolq_1002,boolq,qwen2.5:3b,boolean,no,8,0.0,0.4841229182759271,0.4841229182759271,-0.4841229182759271,1.0,0.625,,0.0,0.0,0.0,0.25,0.75,0.25,stable
boolq_1003,boolq,qwen2.5:3b,boolean,yes,8,0.4841229182759271,0.4841229182759271,0.0,0.0,0.625,0.625,,-0.25,-0.25,0.75,-0.25,-0.25,0.75,stable
boolq_1010,boolq,qwen2.5:3b,boolean,no,8,0.0,0.0,0.0,0.0,0.0,0.0,,0.0,0.0,0.0,0.0,0.0,0.0,artifact
boolq_102,boolq,qwen2.5:3b,boolean,yes,8,0.0,0.0,0.0,0.0,1.0,1.0,,0.0,0.0,0.0,0.0,0.0,0.0,artifact
boolq_1029,boolq,qwen2.5:3b,boolean,no,8,0.4841229182759271,0.4841229182759271,0.0,0.0,0.625,0.625,,0.25,0.75,0.25,0.25,0.75,0.25,stable
boolq_1076,boolq,qwen2.5:3b,boolean,yes,8,0.0,0.0,0.0,0.0,1.0,1.0,,0.0,0.0,0.0,0.0,0.0,0.0,artifact
boolq_1078,boolq,qwen2.5:3b,boolean,no,8,0.0,0.0,0.0,0.0,1.0,1.0,,0.0,0.0,0.0,0.0,0.0,0.0,artifact
boolq_108,boolq,qwen2.5:3b,boolean,no,8,0.0,0.0,0.0,0.0,1.0,1.0,,0.0,0.0,0.0,0.0,0.0,0.0,artifact
boolq_1083,boolq,qwen2.5:3b,boolean,yes,8,0.0,0.33071891388307384,0.33071891388307384,-0.33071891388307384,0.0,0.125,,0.0,0.0,0.0,-0.25,-0.25,0.25,stable
boolq_1084,boolq,qwen2.5:3b,boolean,yes,8,0.4841229182759271,0.4841229182759271,0.0,0.0,0.375,0.375,,-0.25,-0.75,-0.25,-0.25,-0.75,-0.25,stable
boolq_1092,boolq,qwen2.5:3b,boolean,no,8,0.0,0.4841229182759271,0.4841229182759271,-0.4841229182759271,1.0,0.625,,0.0,0.0,0.0,-0.25,0.75,-0.25,stable
boolq_1093,boolq,qwen2.5:3b,boolean,no,8,0.4330127018922193,0.5,0.0669872981077807,-0.0669872981077807,0.75,0.5,,-0.5,0.5,0.0,0.0,1.0,0.0,stable
boolq_1096,boolq,qwen2.5:3b,boolean,yes,8,0.0,0.0,0.0,0.0,1.0,1.0,,0.0,0.0,0.0,0.0,0.0,0.0,artifact
boolq_1105,boolq,qwen2.5:3b,boolean,yes,8,0.0,0.0,0.0,0.0,1.0,1.0,,0.0,0.0,0.0,0.0,0.0,0.0,artifact
boolq_1126,boolq,qwen2.5:3b,boolean,no,8,0.0,0.4330127018922193,0.4330127018922193,-0.4330127018922193,1.0,0.75,,0.0,0.0,0.0,0.0,0.5,0.5,stable
boolq_1138,boolq,qwen2.5:3b,boolean,yes,8,0.0,0.0,0.0,0.0,1.0,1.0,,0.0,0.0,0.0,0.0,0.0,0.0,artifact
boolq_1139,boolq,qwen2.5:3b,boolean,yes,8,0.0,0.0,0.0,0.0,1.0,1.0,,0.0,0.0,0.0,0.0,0.0,0.0,artifact
boolq_1185,boolq,qwen2.5:3b,boolean,yes,8,0.0,0.0,0.0,0.0,1.0,1.0,,0.0,0.0,0.0,0.0,0.0,0.0,artifact
boolq_1200,boolq,qwen2.5:3b,boolean,yes,8,0.0,0.0,0.0,0.0,0.0,0.0,,0.0,0.0,0.0,0.0,0.0,0.0,artifact
boolq_1202,boolq,qwen2.5:3b,boolean,yes,8,0.0,0.0,0.0,0.0,0.0,0.0,,0.0,0.0,0.0,0.0,0.0,0.0,artifact
boolq_122,boolq,qwen2.5:3b,boolean,no,8,0.0,0.0,0.0,0.0,1.0,1.0,,0.0,0.0,0.0,0.0,0.0,0.0,artifact
boolq_1222,boolq,qwen2.5:3b,boolean,yes,8,0.0,0.0,0.0,0.0,1.0,1.0,,0.0,0.0,0.0,0.0,0.0,0.0,artifact
boolq_1288,boolq,qwen2.5:3b,boolean,no,8,0.0,0.33071891388307384,0.33071891388307384,-0.33071891388307384,1.0,0.875,,0.0,0.0,0.0,0.25,0.25,0.25,stable
boolq_1292,boolq,qwen2.5:3b,boolean,no,8,0.0,0.0,0.0,0.0,1.0,1.0,,0.0,0.0,0.0,0.0,0.0,0.0,artifact
boolq_13,boolq,qwen2.5:3b,boolean,yes,8,0.4330127018922193,0.4330127018922193,0.0,0.0,0.75,0.75,,0.0,-0.5,0.5,0.0,-0.5,0.5,stable
boolq_130,boolq,qwen2.5:3b,boolean,yes,8,0.4330127018922193,0.0,0.4330127018922193,0.4330127018922193,0.75,1.0,,-0.5,0.5,0.0,0.0,0.0,0.0,artifact
boolq_131,boolq,qwen2.5:3b,boolean,yes,8,0.0,0.0,0.0,0.0,0.0,0.0,,0.0,0.0,0.0,0.0,0.0,0.0,artifact
boolq_1327,boolq,qwen2.5:3b,boolean,yes,8,0.0,0.0,0.0,0.0,0.0,0.0,,0.0,0.0,0.0,0.0,0.0,0.0,artifact
boolq_1328,boolq,qwen2.5:3b,boolean,no,8,0.0,0.0,0.0,0.0,1.0,1.0,,0.0,0.0,0.0,0.0,0.0,0.0,artifact
boolq_1378,boolq,qwen2.5:3b,boolean,yes,8,0.0,0.0,0.0,0.0,0.0,0.0,,0.0,0.0,0.0,0.0,0.0,0.0,artifact
boolq_1393,boolq,qwen2.5:3b,boolean,no,8,0.0,0.0,0.0,0.0,1.0,1.0,,0.0,0.0,0.0,0.0,0.0,0.0,artifact
boolq_1408,boolq,qwen2.5:3b,boolean,yes,8,0.33071891388307384,0.33071891388307384,0.0,0.0,0.125,0.125,,-0.25,-0.25,-0.25,-0.25,-0.25,-0.25,stable
boolq_1455,boolq,qwen2.5:3b,boolean,no,8,0.0,0.0,0.0,0.0,1.0,1.0,,0.0,0.0,0.0,0.0,0.0,0.0,artifact
boolq_1470,boolq,qwen2.5:3b,boolean,no,8,0.0,0.0,0.0,0.0,1.0,1.0,,0.0,0.0,0.0,0.0,0.0,0.0,artifact
boolq_1481,boolq,qwen2.5:3b,boolean,yes,8,0.0,0.0,0.0,0.0,1.0,1.0,,0.0,0.0,0.0,0.0,0.0,0.0,artifact
boolq_1482,boolq,qwen2.5:3b,boolean,no,8,0.0,0.0,0.0,0.0,1.0,1.0,,0.0,0.0,0.0,0.0,0.0,0.0,artifact
boolq_1494,boolq,qwen2.5:3b,boolean,no,8,0.0,0.0,0.0,0.0,1.0,1.0,,0.0,0.0,0.0,0.0,0.0,0.0,artifact
boolq_1516,boolq,qwen2.5:3b,boolean,yes,8,0.0,0.0,0.0,0.0,0.0,0.0,,0.0,0.0,0.0,0.0,0.0,0.0,artifact
boolq_1531,boolq,qwen2.5:3b,boolean,yes,8,0.0,0.33071891388307384,0.33071891388307384,-0.33071891388307384,0.0,0.125,,0.0,0.0,0.0,0.25,-0.25,-0.25,stable
boolq_1550,boolq,qwen2.5:3b,boolean,no,8,0.0,0.4841229182759271,0.4841229182759271,-0.4841229182759271,1.0,0.625,,0.0,0.0,0.0,0.25,0.75,0.25,stable
boolq_1554,boolq,qwen2.5:3b,boolean,yes,8,0.33071891388307384,0.33071891388307384,0.0,0.0,0.875,0.875,,0.25,-0.25,0.25,0.25,-0.25,0.25,stable
boolq_1556,boolq,qwen2.5:3b,boolean,no,8,0.33071891388307384,0.33071891388307384,0.0,0.0,0.875,0.875,,0.25,0.25,0.25,0.25,0.25,0.25,stable
boolq_1563,boolq,qwen2.5:3b,boolean,yes,8,0.0,0.0,0.0,0.0,1.0,1.0,,0.0,0.0,0.0,0.0,0.0,0.0,artifact
boolq_1576,boolq,qwen2.5:3b,boolean,no,8,0.0,0.0,0.0,0.0,1.0,1.0,,0.0,0.0,0.0,0.0,0.0,0.0,artifact
boolq_1620,boolq,qwen2.5:3b,boolean,no,8,0.33071891388307384,0.5,0.16928108611692616,-0.16928108611692616,0.875,0.5,,-0.25,0.25,0.25,0.0,1.0,0.0,stable
boolq_1635,boolq,qwen2.5:3b,boolean,yes,8,0.0,0.0,0.0,0.0,1.0,1.0,,0.0,0.0,0.0,0.0,0.0,0.0,artifact
boolq_1643,boolq,qwen2.5:3b,boolean,yes,8,0.0,0.0,0.0,0.0,1.0,1.0,,0.0,0.0,0.0,0.0,0.0,0.0,artifact
boolq_1718,boolq,qwen2.5:3b,boolean,no,8,0.0,0.0,0.0,0.0,1.0,1.0,,0.0,0.0,0.0,0.0,0.0,0.0,artifact
boolq_1728,boolq,qwen2.5:3b,boolean,yes,8,0.0,0.0,0.0,0.0,0.0,0.0,,0.0,0.0,0.0,0.0,0.0,0.0,artifact
boolq_1729,boolq,qwen2.5:3b,boolean,yes,8,0.0,0.0,0.0,0.0,1.0,1.0,,0.0,0.0,0.0,0.0,0.0,0.0,artifact
boolq_1731,boolq,qwen2.5:3b,boolean,yes,8,0.0,0.0,0.0,0.0,0.0,0.0,,0.0,0.0,0.0,0.0,0.0,0.0,artifact
boolq_1754,boolq,qwen2.5:3b,boolean,yes,8,0.0,0.0,0.0,0.0,0.0,0.0,,0.0,0.0,0.0,0.0,0.0,0.0,artifact
boolq_177,boolq,qwen2.5:3b,boolean,yes,8,0.0,0.0,0.0,0.0,0.0,0.0,,0.0,0.0,0.0,0.0,0.0,0.0,artifact
boolq_1780,boolq,qwen2.5:3b,boolean,yes,8,0.0,0.0,0.0,0.0,1.0,1.0,,0.0,0.0,0.0,0.0,0.0,0.0,artifact
boolq_1839,boolq,qwen2.5:3b,boolean,no,8,0.0,0.0,0.0,0.0,1.0,1.0,,0.0,0.0,0.0,0.0,0.0,0.0,artifact
boolq_1857,boolq,qwen2.5:3b,boolean,yes,8,0.0,0.0,0.0,0.0,1.0,1.0,,0.0,0.0,0.0,0.0,0.0,0.0,artifact
boolq_1858,boolq,qwen2.5:3b,boolean,no,8,0.0,0.0,0.0,0.0,1.0,1.0,,0.0,0.0,0.0,0.0,0.0,0.0,artifact
boolq_187,boolq,qwen2.5:3b,boolean,yes,8,0.0,0.0,0.0,0.0,1.0,1.0,,0.0,0.0,0.0,0.0,0.0,0.0,artifact
boolq_1879,boolq,qwen2.5:3b,boolean,yes,8,0.0,0.0,0.0,0.0,0.0,0.0,,0.0,0.0,0.0,0.0,0.0,0.0,artifact
boolq_1881,boolq,qwen2.5:3b,boolean,no,8,0.0,0.4841229182759271,0.4841229182759271,-0.4841229182759271,1.0,0.625,,0.0,0.0,0.0,0.25,0.75,0.25,stable
boolq_1893,boolq,qwen2.5:3b,boolean,no,8,0.0,0.0,0.0,0.0,1.0,1.0,,0.0,0.0,0.0,0.0,0.0,0.0,artifact
boolq_1917,boolq,qwen2.5:3b,boolean,yes,8,0.0,0.0,0.0,0.0,1.0,1.0,,0.0,0.0,0.0,0.0,0.0,0.0,artifact
boolq_192,boolq,qwen2.5:3b,boolean,yes,8,0.0,0.0,0.0,0.0,1.0,1.0,,0.0,0.0,0.0,0.0,0.0,0.0,artifact
boolq_2,boolq,qwen2.5:3b,boolean,yes,8,0.0,0.33071891388307384,0.33071891388307384,-0.33071891388307384,0.0,0.125,,0.0,0.0,0.0,-0.25,-0.25,-0.25,stable
boolq_2001,boolq,qwen2.5:3b,boolean,yes,8,0.0,0.5,0.5,-0.5,0.0,0.5,,0.0,0.0,0.0,0.0,-1.0,0.0,stable
boolq_2021,boolq,qwen2.5:3b,boolean,no,8,0.0,0.0,0.0,0.0,1.0,1.0,,0.0,0.0,0.0,0.0,0.0,0.0,artifact
boolq_2044,boolq,qwen2.5:3b,boolean,yes,8,0.5,0.5,0.0,0.0,0.5,0.5,,0.0,-1.0,0.0,0.0,-1.0,0.0,stable
boolq_2050,boolq,qwen2.5:3b,boolean,no,8,0.0,0.0,0.0,0.0,1.0,1.0,,0.0,0.0,0.0,0.0,0.0,0.0,artifact
boolq_2069,boolq,qwen2.5:3b,boolean,no,8,0.0,0.4841229182759271,0.4841229182759271,-0.4841229182759271,1.0,0.625,,0.0,0.0,0.0,-0.25,0.75,0.25,stable
boolq_2079,boolq,qwen2.5:3b,boolean,yes,8,0.5,0.0,0.5,0.5,0.5,0.0,,0.0,-1.0,0.0,0.0,0.0,0.0,artifact
boolq_2087,boolq,qwen2.5:3b,boolean,no,8,0.0,0.5,0.5,-0.5,1.0,0.5,,0.0,0.0,0.0,0.0,1.0,0.0,stable
boolq_2167,boolq,qwen2.5:3b,boolean,no,8,0.0,0.4841229182759271,0.4841229182759271,-0.4841229182759271,1.0,0.625,,0.0,0.0,0.0,0.25,0.75,-0.25,stable
boolq_2172,boolq,qwen2.5:3b,boolean,yes,8,0.0,0.4841229182759271,0.4841229182759271,-0.4841229182759271,0.0,0.375,,0.0,0.0,0.0,-0.25,-0.75,0.25,stable
boolq_2187,boolq,qwen2.5:3b,boolean,yes,8,0.0,0.0,0.0,0.0,1.0,1.0,,0.0,0.0,0.0,0.0,0.0,0.0,artifact
boolq_2196,boolq,qwen2.5:3b,boolean,yes,8,0.0,0.0,0.0,0.0,1.0,1.0,,0.0,0.0,0.0,0.0,0.0,0.0,artifact
boolq_2199,boolq,qwen2.5:3b,boolean,no,8,0.5,0.0,0.5,0.5,0.5,1.0,,0.0,1.0,0.0,0.0,0.0,0.0,artifact
boolq_2207,boolq,qwen2.5:3b,boolean,yes,8,0.0,0.0,0.0,0.0,1.0,1.0,,0.0,0.0,0.0,0.0,0.0,0.0,artifact
boolq_2209,boolq,qwen2.5:3b,boolean,yes,8,0.0,0.0,0.0,0.0,1.0,1.0,,0.0,0.0,0.0,0.0,0.0,0.0,artifact
boolq_2232,boolq,qwen2.5:3b,boolean,no,8,0.0,0.0,0.0,0.0,1.0,1.0,,0.0,0.0,0.0,0.0,0.0,0.0,artifact
boolq_2233,boolq,qwen2.5:3b,boolean,no,8,0.0,0.0,0.0,0.0,1.0,1.0,,0.0,0.0,0.0,0.0,0.0,0.0,artifact
boolq_2261,boolq,qwen2.5:3b,boolean,no,8,0.0,0.0,0.0,0.0,1.0,1.0,,0.0,0.0,0.0,0.0,0.0,0.0,artifact
boolq_2266,boolq,qwen2.5:3b,boolean,yes,8,0.5,0.5,0.0,0.0,0.5,0.5,,0.0,-1.0,0.0,0.0,-1.0,0.0,stable
boolq_2281,boolq,qwen2.5:3b,boolean,no,8,0.0,0.0,0.0,0.0,1.0,1.0,,0.0,0.0,0.0,0.0,0.0,0.0,artifact
boolq_229,boolq,qwen2.5:3b,boolean,no,8,0.33071891388307384,0.4841229182759271,0.1534040043928533,-0.1534040043928533,0.125,0.375,,0.25,0.25,-0.25,0.25,-0.25,-0.75,stable
boolq_2298,boolq,qwen2.5:3b,boolean,yes,8,0.5,0.5,0.0,0.0,0.5,0.5,,0.0,-1.0,0.0,0.0,-1.0,0.0,stable
boolq_2299,boolq,qwen2.5:3b,boolean,no,8,0.0,0.0,0.0,0.0,1.0,1.0,,0.0,0.0,0.0,0.0,0.0,0.0,artifact
boolq_2323,boolq,qwen2.5:3b,boolean,yes,8,0.5,0.5,0.0,0.0,0.5,0.5,,0.0,-1.0,0.0,0.0,-1.0,0.0,stable
boolq_2364,boolq,qwen2.5:3b,boolean,yes,8,0.0,0.0,0.0,0.0,1.0,1.0,,0.0,0.0,0.0,0.0,0.0,0.0,artifact
boolq_2390,boolq,qwen2.5:3b,boolean,no,8,0.0,0.0,0.0,0.0,1.0,1.0,,0.0,0.0,0.0,0.0,0.0,0.0,artifact
boolq_2394,boolq,qwen2.5:3b,boolean,yes,8,0.0,0.0,0.0,0.0,0.0,0.0,,0.0,0.0,0.0,0.0,0.0,0.0,artifact
boolq_2413,boolq,qwen2.5:3b,boolean,yes,8,0.0,0.0,0.0,0.0,0.0,0.0,,0.0,0.0,0.0,0.0,0.0,0.0,artifact
boolq_2418,boolq,qwen2.5:3b,boolean,yes,8,0.0,0.0,0.0,0.0,1.0,1.0,,0.0,0.0,0.0,0.0,0.0,0.0,artifact
boolq_2440,boolq,qwen2.5:3b,boolean,no,8,0.0,0.0,0.0,0.0,1.0,1.0,,0.0,0.0,0.0,0.0,0.0,0.0,artifact
boolq_2442,boolq,qwen2.5:3b,boolean,yes,8,0.0,0.0,0.0,0.0,0.0,0.0,,0.0,0.0,0.0,0.0,0.0,0.0,artifact
boolq_2453,boolq,qwen2.5:3b,boolean,yes,8,0.0,0.0,0.0,0.0,1.0,1.0,,0.0,0.0,0.0,0.0,0.0,0.0,artifact
boolq_2465,boolq,qwen2.5:3b,boolean,yes,8,0.0,0.4330127018922193,0.4330127018922193,-0.4330127018922193,0.0,0.25,,0.0,0.0,0.0,0.5,-0.5,0.0,stable
boolq_2472,boolq,qwen2.5:3b,boolean,yes,8,0.0,0.0,0.0,0.0,0.0,0.0,,0.0,0.0,0.0,0.0,0.0,0.0,artifact
boolq_2494,boolq,qwen2.5:3b,boolean,yes,8,0.0,0.0,0.0,0.0,0.0,0.0,,0.0,0.0,0.0,0.0,0.0,0.0,artifact
boolq_2495,boolq,qwen2.5:3b,boolean,no,8,0.0,0.33071891388307384,0.33071891388307384,-0.33071891388307384,1.0,0.875,,0.0,0.0,0.0,-0.25,0.25,0.25,stable
boolq_2533,boolq,qwen2.5:3b,boolean,no,8,0.0,0.0,0.0,0.0,1.0,1.0,,0.0,0.0,0.0,0.0,0.0,0.0,artifact
boolq_2561,boolq,qwen2.5:3b,boolean,no,8,0.0,0.0,0.0,0.0,1.0,1.0,,0.0,0.0,0.0,0.0,0.0,0.0,artifact
boolq_2570,boolq,qwen2.5:3b,boolean,no,8,0.0,0.0,0.0,0.0,1.0,1.0,,0.0,0.0,0.0,0.0,0.0,0.0,artifact
boolq_2574,boolq,qwen2.5:3b,boolean,yes,8,0.0,0.33071891388307384,0.33071891388307384,-0.33071891388307384,1.0,0.875,,0.0,0.0,0.0,-0.25,0.25,0.25,stable
boolq_26,boolq,qwen2.5:3b,boolean,yes,8,0.0,0.4330127018922193,0.4330127018922193,-0.4330127018922193,0.0,0.25,,0.0,0.0,0.0,0.5,-0.5,0.0,stable
boolq_260,boolq,qwen2.5:3b,boolean,no,8,0.0,0.0,0.0,0.0,1.0,1.0,,0.0,0.0,0.0,0.0,0.0,0.0,artifact
boolq_2600,boolq,qwen2.5:3b,boolean,no,8,0.0,0.0,0.0,0.0,1.0,1.0,,0.0,0.0,0.0,0.0,0.0,0.0,artifact
boolq_2603,boolq,qwen2.5:3b,boolean,yes,8,0.0,0.0,0.0,0.0,0.0,0.0,,0.0,0.0,0.0,0.0,0.0,0.0,artifact
boolq_2617,boolq,qwen2.5:3b,boolean,yes,8,0.0,0.0,0.0,0.0,1.0,1.0,,0.0,0.0,0.0,0.0,0.0,0.0,artifact
boolq_2619,boolq,qwen2.5:3b,boolean,yes,8,0.0,0.0,0.0,0.0,1.0,1.0,,0.0,0.0,0.0,0.0,0.0,0.0,artifact
boolq_2621,boolq,qwen2.5:3b,boolean,no,8,0.0,0.0,0.0,0.0,1.0,1.0,,0.0,0.0,0.0,0.0,0.0,0.0,artifact
boolq_2625,boolq,qwen2.5:3b,boolean,no,8,0.0,0.4330127018922193,0.4330127018922193,-0.4330127018922193,1.0,0.75,,0.0,0.0,0.0,0.5,0.5,0.0,stable
boolq_2633,boolq,qwen2.5:3b,boolean,yes,8,0.5,0.0,0.5,0.5,0.5,0.0,,0.0,-1.0,0.0,0.0,0.0,0.0,artifact
boolq_2654,boolq,qwen2.5:3b,boolean,yes,8,0.0,0.0,0.0,0.0,0.0,0.0,,0.0,0.0,0.0,0.0,0.0,0.0,artifact
boolq_2661,boolq,qwen2.5:3b,boolean,no,8,0.5,0.4330127018922193,0.0669872981077807,0.0669872981077807,0.5,0.75,,0.0,1.0,0.0,0.0,0.5,-0.5,stable
boolq_2684,boolq,qwen2.5:3b,boolean,no,8,0.0,0.0,0.0,0.0,1.0,1.0,,0.0,0.0,0.0,0.0,0.0,0.0,artifact
boolq_2708,boolq,qwen2.5:3b,boolean,yes,8,0.0,0.5,0.5,-0.5,0.0,0.5,,0.0,0.0,0.0,0.0,-1.0,0.0,stable
boolq_271,boolq,qwen2.5:3b,boolean,no,8,0.0,0.0,0.0,0.0,1.0,1.0,,0.0,0.0,0.0,0.0,0.0,0.0,artifact
boolq_2745,boolq,qwen2.5:3b,boolean,yes,8,0.0,0.0,0.0,0.0,1.0,1.0,,0.0,0.0,0.0,0.0,0.0,0.0,artifact
boolq_2771,boolq,qwen2.5:3b,boolean,no,8,0.0,0.5,0.5,-0.5,1.0,0.5,,0.0,0.0,0.0,0.0,1.0,0.0,stable
boolq_2786,boolq,qwen2.5:3b,boolean,yes,8,0.0,0.0,0.0,0.0,1.0,1.0,,0.0,0.0,0.0,0.0,0.0,0.0,artifact
boolq_2787,boolq,qwen2.5:3b,boolean,yes,8,0.0,0.33071891388307384,0.33071891388307384,-0.33071891388307384,0.0,0.125,,0.0,0.0,0.0,-0.25,-0.25,-0.25,stable
boolq_2792,boolq,qwen2.5:3b,boolean,yes,8,0.0,0.0,0.0,0.0,1.0,1.0,,0.0,0.0,0.0,0.0,0.0,0.0,artifact
boolq_2799,boolq,qwen2.5:3b,boolean,no,8,0.0,0.0,0.0,0.0,1.0,1.0,,0.0,0.0,0.0,0.0,0.0,0.0,artifact
boolq_2804,boolq,qwen2.5:3b,boolean,yes,8,0.4841229182759271,0.4841229182759271,0.0,0.0,0.625,0.625,,-0.25,-0.75,0.25,-0.25,-0.75,0.25,stable
boolq_2818,boolq,qwen2.5:3b,boolean,yes,8,0.33071891388307384,0.33071891388307384,0.0,0.0,0.875,0.875,,0.25,-0.25,0.25,0.25,-0.25,0.25,stable
boolq_284,boolq,qwen2.5:3b,boolean,no,8,0.0,0.5,0.5,-0.5,1.0,0.5,,0.0,0.0,0.0,0.0,1.0,0.0,stable
boolq_2859,boolq,qwen2.5:3b,boolean,yes,8,0.0,0.0,0.0,0.0,1.0,1.0,,0.0,0.0,0.0,0.0,0.0,0.0,artifact
boolq_2872,boolq,qwen2.5:3b,boolean,yes,8,0.0,0.0,0.0,0.0,1.0,1.0,,0.0,0.0,0.0,0.0,0.0,0.0,artifact
boolq_2874,boolq,qwen2.5:3b,boolean,yes,8,0.0,0.0,0.0,0.0,0.0,0.0,,0.0,0.0,0.0,0.0,0.0,0.0,artifact
boolq_2885,boolq,qwen2.5:3b,boolean,yes,8,0.4330127018922193,0.5,0.0669872981077807,-0.0669872981077807,0.25,0.5,,0.5,-0.5,0.0,0.0,-1.0,0.0,stable
boolq_292,boolq,qwen2.5:3b,boolean,yes,8,0.0,0.0,0.0,0.0,1.0,1.0,,0.0,0.0,0.0,0.0,0.0,0.0,artifact
boolq_2932,boolq,qwen2.5:3b,boolean,no,8,0.0,0.0,0.0,0.0,1.0,1.0,,0.0,0.0,0.0,0.0,0.0,0.0,artifact
boolq_2940,boolq,qwen2.5:3b,boolean,yes,8,0.0,0.0,0.0,0.0,0.0,0.0,,0.0,0.0,0.0,0.0,0.0,0.0,artifact
boolq_2947,boolq,qwen2.5:3b,boolean,yes,8,0.0,0.0,0.0,0.0,1.0,1.0,,0.0,0.0,0.0,0.0,0.0,0.0,artifact
boolq_2952,boolq,qwen2.5:3b,boolean,yes,8,0.0,0.0,0.0,0.0,1.0,1.0,,0.0,0.0,0.0,0.0,0.0,0.0,artifact
boolq_2957,boolq,qwen2.5:3b,boolean,yes,8,0.0,0.4841229182759271,0.4841229182759271,-0.4841229182759271,0.0,0.375,,0.0,0.0,0.0,-0.25,-0.75,-0.25,stable
boolq_2986,boolq,qwen2.5:3b,boolean,no,8,0.0,0.0,0.0,0.0,1.0,1.0,,0.0,0.0,0.0,0.0,0.0,0.0,artifact
boolq_2988,boolq,qwen2.5:3b,boolean,yes,8,0.0,0.0,0.0,0.0,1.0,1.0,,0.0,0.0,0.0,0.0,0.0,0.0,artifact
boolq_3016,boolq,qwen2.5:3b,boolean,yes,8,0.4841229182759271,0.4330127018922193,0.05111021638370783,0.05111021638370783,0.625,0.75,,-0.25,0.75,-0.25,0.0,0.5,0.0,stable
boolq_3033,boolq,qwen2.5:3b,boolean,no,8,0.0,0.0,0.0,0.0,1.0,1.0,,0.0,0.0,0.0,0.0,0.0,0.0,artifact
boolq_3037,boolq,qwen2.5:3b,boolean,yes,8,0.0,0.0,0.0,0.0,1.0,1.0,,0.0,0.0,0.0,0.0,0.0,0.0,artifact
boolq_3051,boolq,qwen2.5:3b,boolean,no,8,0.0,0.0,0.0,0.0,1.0,1.0,,0.0,0.0,0.0,0.0,0.0,0.0,artifact
boolq_3059,boolq,qwen2.5:3b,boolean,yes,8,0.0,0.0,0.0,0.0,1.0,1.0,,0.0,0.0,0.0,0.0,0.0,0.0,artifact
boolq_3075,boolq,qwen2.5:3b,boolean,yes,8,0.0,0.0,0.0,0.0,1.0,1.0,,0.0,0.0,0.0,0.0,0.0,0.0,artifact
boolq_3095,boolq,qwen2.5:3b,boolean,no,8,0.0,0.0,0.0,0.0,1.0,1.0,,0.0,0.0,0.0,0.0,0.0,0.0,artifact
boolq_3108,boolq,qwen2.5:3b,boolean,yes,8,0.0,0.0,0.0,0.0,0.0,0.0,,0.0,0.0,0.0,0.0,0.0,0.0,artifact
boolq_3120,boolq,qwen2.5:3b,boolean,no,8,0.0,0.0,0.0,0.0,1.0,1.0,,0.0,0.0,0.0,0.0,0.0,0.0,artifact
boolq_3123,boolq,qwen2.5:3b,boolean,yes,8,0.0,0.33071891388307384,0.33071891388307384,-0.33071891388307384,1.0,0.875,,0.0,0.0,0.0,0.25,0.25,0.25,stable
boolq_3127,boolq,qwen2.5:3b,boolean,yes,8,0.0,0.0,0.0,0.0,0.0,0.0,,0.0,0.0,0.0,0.0,0.0,0.0,artifact
boolq_3147,boolq,qwen2.5:3b,boolean,yes,8,0.0,0.0,0.0,0.0,1.0,1.0,,0.0,0.0,0.0,0.0,0.0,0.0,artifact
boolq_3148,boolq,qwen2.5:3b,boolean,yes,8,0.0,0.0,0.0,0.0,0.0,0.0,,0.0,0.0,0.0,0.0,0.0,0.0,artifact
boolq_3166,boolq,qwen2.5:3b,boolean,no,8,0.0,0.0,0.0,0.0,1.0,1.0,,0.0,0.0,0.0,0.0,0.0,0.0,artifact
boolq_3178,boolq,qwen2.5:3b,boolean,yes,8,0.4330127018922193,0.4330127018922193,0.0,0.0,0.75,0.75,,0.5,-0.5,0.0,0.5,-0.5,0.0,stable
boolq_3189,boolq,qwen2.5:3b,boolean,no,8,0.0,0.0,0.0,0.0,1.0,1.0,,0.0,0.0,0.0,0.0,0.0,0.0,artifact
boolq_322,boolq,qwen2.5:3b,boolean,yes,8,0.0,0.0,0.0,0.0,1.0,1.0,,0.0,0.0,0.0,0.0,0.0,0.0,artifact
boolq_3244,boolq,qwen2.5:3b,boolean,no,8,0.0,0.0,0.0,0.0,1.0,1.0,,0.0,0.0,0.0,0.0,0.0,0.0,artifact
boolq_326,boolq,qwen2.5:3b,boolean,no,8,0.0,0.33071891388307384,0.33071891388307384,-0.33071891388307384,1.0,0.875,,0.0,0.0,0.0,0.25,0.25,0.25,stable
boolq_356,boolq,qwen2.5:3b,boolean,yes,8,0.0,0.0,0.0,0.0,0.0,0.0,,0.0,0.0,0.0,0.0,0.0,0.0,artifact
boolq_372,boolq,qwen2.5:3b,boolean,yes,8,0.0,0.0,0.0,0.0,1.0,1.0,,0.0,0.0,0.0,0.0,0.0,0.0,artifact
boolq_379,boolq,qwen2.5:3b,boolean,yes,8,0.0,0.0,0.0,0.0,0.0,0.0,,0.0,0.0,0.0,0.0,0.0,0.0,artifact
boolq_383,boolq,qwen2.5:3b,boolean,yes,8,0.0,0.0,0.0,0.0,1.0,1.0,,0.0,0.0,0.0,0.0,0.0,0.0,artifact
boolq_396,boolq,qwen2.5:3b,boolean,no,8,0.0,0.0,0.0,0.0,1.0,1.0,,0.0,0.0,0.0,0.0,0.0,0.0,artifact
boolq_413,boolq,qwen2.5:3b,boolean,no,8,0.0,0.0,0.0,0.0,1.0,1.0,,0.0,0.0,0.0,0.0,0.0,0.0,artifact
boolq_418,boolq,qwen2.5:3b,boolean,yes,8,0.0,0.0,0.0,0.0,1.0,1.0,,0.0,0.0,0.0,0.0,0.0,0.0,artifact
boolq_419,boolq,qwen2.5:3b,boolean,yes,8,0.0,0.0,0.0,0.0,1.0,1.0,,0.0,0.0,0.0,0.0,0.0,0.0,artifact
boolq_435,boolq,qwen2.5:3b,boolean,no,8,0.0,0.5,0.5,-0.5,0.0,0.5,,0.0,0.0,0.0,0.0,-1.0,0.0,stable
boolq_449,boolq,qwen2.5:3b,boolean,no,8,0.0,0.0,0.0,0.0,1.0,1.0,,0.0,0.0,0.0,0.0,0.0,0.0,artifact
boolq_456,boolq,qwen2.5:3b,boolean,no,8,0.0,0.0,0.0,0.0,1.0,1.0,,0.0,0.0,0.0,0.0,0.0,0.0,artifact
boolq_469,boolq,qwen2.5:3b,boolean,yes,8,0.0,0.0,0.0,0.0,1.0,1.0,,0.0,0.0,0.0,0.0,0.0,0.0,artifact
boolq_47,boolq,qwen2.5:3b,boolean,yes,8,0.0,0.33071891388307384,0.33071891388307384,-0.33071891388307384,1.0,0.875,,0.0,0.0,0.0,-0.25,0.25,-0.25,stable
boolq_511,boolq,qwen2.5:3b,boolean,no,8,0.0,0.0,0.0,0.0,1.0,1.0,,0.0,0.0,0.0,0.0,0.0,0.0,artifact
boolq_566,boolq,qwen2.5:3b,boolean,no,8,0.0,0.0,0.0,0.0,1.0,1.0,,0.0,0.0,0.0,0.0,0.0,0.0,artifact
boolq_571,boolq,qwen2.5:3b,boolean,no,8,0.0,0.0,0.0,0.0,1.0,1.0,,0.0,0.0,0.0,0.0,0.0,0.0,artifact
boolq_585,boolq,qwen2.5:3b,boolean,no,8,0.0,0.0,0.0,0.0,1.0,1.0,,0.0,0.0,0.0,0.0,0.0,0.0,artifact
boolq_626,boolq,qwen2.5:3b,boolean,yes,8,0.0,0.0,0.0,0.0,1.0,1.0,,0.0,0.0,0.0,0.0,0.0,0.0,artifact
boolq_636,boolq,qwen2.5:3b,boolean,yes,8,0.0,0.0,0.0,0.0,1.0,1.0,,0.0,0.0,0.0,0.0,0.0,0.0,artifact
boolq_647,boolq,qwen2.5:3b,boolean,no,8,0.0,0.0,0.0,0.0,1.0,1.0,,0.0,0.0,0.0,0.0,0.0,0.0,artifact
boolq_653,boolq,qwen2.5:3b,boolean,no,8,0.0,0.4330127018922193,0.4330127018922193,-0.4330127018922193,1.0,0.75,,0.0,0.0,0.0,0.0,0.5,-0.5,stable
boolq_655,boolq,qwen2.5:3b,boolean,yes,8,0.0,0.0,0.0,0.0,1.0,1.0,,0.0,0.0,0.0,0.0,0.0,0.0,artifact
boolq_661,boolq,qwen2.5:3b,boolean,yes,8,0.0,0.0,0.0,0.0,0.0,0.0,,0.0,0.0,0.0,0.0,0.0,0.0,artifact
boolq_666,boolq,qwen2.5:3b,boolean,yes,8,0.5,0.4841229182759271,0.015877081724072872,0.015877081724072872,0.5,0.375,,0.0,-1.0,0.0,-0.25,-0.75,0.25,stable
boolq_669,boolq,qwen2.5:3b,boolean,yes,8,0.0,0.0,0.0,0.0,1.0,1.0,,0.0,0.0,0.0,0.0,0.0,0.0,artifact
boolq_700,boolq,qwen2.5:3b,boolean,yes,8,0.4330127018922193,0.5,0.0669872981077807,-0.0669872981077807,0.75,0.5,,0.0,-0.5,0.5,0.0,0.0,1.0,stable
boolq_731,boolq,qwen2.5:3b,boolean,yes,8,0.0,0.0,0.0,0.0,0.0,0.0,,0.0,0.0,0.0,0.0,0.0,0.0,artifact
boolq_787,boolq,qwen2.5:3b,boolean,no,8,0.0,0.0,0.0,0.0,1.0,1.0,,0.0,0.0,0.0,0.0,0.0,0.0,artifact
boolq_79,boolq,qwen2.5:3b,boolean,no,8,0.0,0.0,0.0,0.0,1.0,1.0,,0.0,0.0,0.0,0.0,0.0,0.0,artifact
boolq_814,boolq,qwen2.5:3b,boolean,yes,8,0.0,0.0,0.0,0.0,0.0,0.0,,0.0,0.0,0.0,0.0,0.0,0.0,artifact
boolq_858,boolq,qwen2.5:3b,boolean,no,8,0.0,0.0,0.0,0.0,1.0,1.0,,0.0,0.0,0.0,0.0,0.0,0.0,artifact
boolq_864,boolq,qwen2.5:3b,boolean,no,8,0.0,0.0,0.0,0.0,1.0,1.0,,0.0,0.0,0.0,0.0,0.0,0.0,artifact
boolq_870,boolq,qwen2.5:3b,boolean,yes,8,0.0,0.0,0.0,0.0,1.0,1.0,,0.0,0.0,0.0,0.0,0.0,0.0,artifact
boolq_881,boolq,qwen2.5:3b,boolean,yes,8,0.0,0.0,0.0,0.0,1.0,1.0,,0.0,0.0,0.0,0.0,0.0,0.0,artifact
boolq_895,boolq,qwen2.5:3b,boolean,yes,8,0.0,0.0,0.0,0.0,1.0,1.0,,0.0,0.0,0.0,0.0,0.0,0.0,artifact
boolq_898,boolq,qwen2.5:3b,boolean,yes,8,0.0,0.0,0.0,0.0,1.0,1.0,,0.0,0.0,0.0,0.0,0.0,0.0,artifact
boolq_899,boolq,qwen2.5:3b,boolean,no,8,0.0,0.0,0.0,0.0,1.0,1.0,,0.0,0.0,0.0,0.0,0.0,0.0,artifact
boolq_902,boolq,qwen2.5:3b,boolean,yes,8,0.0,0.0,0.0,0.0,1.0,1.0,,0.0,0.0,0.0,0.0,0.0,0.0,artifact
boolq_914,boolq,qwen2.5:3b,boolean,yes,8,0.0,0.0,0.0,0.0,1.0,1.0,,0.0,0.0,0.0,0.0,0.0,0.0,artifact
boolq_933,boolq,qwen2.5:3b,boolean,yes,8,0.5,0.5,0.0,0.0,0.5,0.5,,0.0,-1.0,0.0,0.0,-1.0,0.0,stable
boolq_938,boolq,qwen2.5:3b,boolean,yes,8,0.0,0.0,0.0,0.0,0.0,0.0,,0.0,0.0,0.0,0.0,0.0,0.0,artifact
boolq_952,boolq,qwen2.5:3b,boolean,no,8,0.0,0.0,0.0,0.0,1.0,1.0,,0.0,0.0,0.0,0.0,0.0,0.0,artifact
boolq_953,boolq,qwen2.5:3b,boolean,no,8,0.0,0.0,0.0,0.0,1.0,1.0,,0.0,0.0,0.0,0.0,0.0,0.0,artifact
squad_10133,squad,qwen2.5:3b,open_ended,their Annual Conference,8,0.0,0.0,0.0,0.0,0.375,1.0,,0.0,0.0,0.0,0.0,0.0,0.0,artifact
squad_10244,squad,qwen2.5:3b,open_ended,British colonists would not be safe as long as the French were present,8,0.16074732035648925,0.0,0.16074732035648925,0.16074732035648925,0.7320099255583128,1.0,,-0.13598014888337484,-0.11017369727047133,0.12307692307692308,0.0,0.0,0.0,artifact
squad_10280,squad,qwen2.5:3b,open_ended,"regain authority over his own people. They had been inclined to support the French, with whom they had long trading relationships",8,0.08250136369527289,0.0,0.08250136369527289,0.08250136369527289,0.6357970531725684,1.0,,0.04367201426024947,0.10771623848244927,-0.04367201426024958,0.0,0.0,0.0,artifact
squad_10299,squad,qwen2.5:3b,open_ended,"inconclusively, with both sides withdrawing from the field",8,0.13636363636363638,0.0,0.13636363636363638,0.13636363636363638,0.5909090909090909,1.0,,0.0,0.27272727272727276,0.0,0.0,0.0,0.0,artifact
squad_1040,squad,qwen2.5:3b,open_ended,374,8,0.022106424367350396,0.0,0.022106424367350396,0.022106424367350396,0.14203296703296703,1.0,,0.0031135531135531025,0.036446886446886456,0.009523809523809518,0.0,0.0,0.0,artifact
squad_10403,squad,qwen2.5:3b,open_ended,Newton's Third,8,0.13914434801488534,0.0,0.13914434801488534,0.13914434801488534,0.431140350877193,1.0,,0.004385964912280715,0.20438596491228067,0.1289473684210526,0.0,0.0,0.0,artifact
squad_10415,squad,qwen2.5:3b,open_ended,denoted scalar quantities,8,0.3209144918994951,0.0,0.3209144918994951,0.3209144918994951,0.6916666666666667,1.0,,-0.033333333333333326,0.6166666666666667,-0.1166666666666667,0.0,0.0,0.0,artifact
squad_10468,squad,qwen2.5:3b,open_ended,20th,8,0.2272727272727273,0.0,0.2272727272727273,0.2272727272727273,0.7727272727272727,1.0,,0.0,0.4545454545454546,0.0,0.0,0.0,0.0,artifact
squad_10476,squad,qwen2.5:3b,open_ended,at larger distances.,8,0.1592436712524047,0.0,0.1592436712524047,0.1592436712524047,0.2689600158412665,1.0,,-0.00918141759282931,0.2954133016508004,0.07814481724893341,0.0,0.0,0.0,artifact
squad_10485,squad,qwen2.5:3b,open_ended,Vulcan,8,0.4411764705882353,0.0,0.4411764705882353,0.4411764705882353,0.5588235294117647,1.0,,0.0,0.8823529411764706,0.0,0.0,0.0,0.0,artifact
squad_1049,squad,qwen2.5:3b,open_ended,Vistula River,8,0.0,0.0,0.0,0.0,0.5,1.0,,0.0,0.0,0.0,0.0,0.0,0.0,artifact
squad_10501,squad,qwen2.5:3b,open_ended,Maxwell,8,0.13095238095238093,0.0,0.13095238095238093,0.13095238095238093,0.2976190476190476,1.0,,0.0,0.26190476190476186,0.0,0.0,0.0,0.0,artifact
squad_10532,squad,qwen2.5:3b,open_ended,conservation of mechanical energy,8,0.08121850212410318,0.0,0.08121850212410318,0.08121850212410318,0.28982776482776484,0.0,,0.00356125356125353,0.16147371147371148,-0.0021626521626521567,0.0,0.0,0.0,artifact
squad_106,squad,qwen2.5:3b,open_ended,Roger Goodell,8,0.0,0.0,0.0,0.0,0.3636363636363636,1.0,,0.0,0.0,0.0,0.0,0.0,0.0,artifact
squad_1084,squad,qwen2.5:3b,open_ended,meritocratic,8,0.02296451521861168,0.33071891388307384,0.30775439866446214,-0.30775439866446214,0.11944152661064425,0.125,,0.02459733893557424,0.03195028011204484,-0.007440476190476178,-0.25,-0.25,-0.25,stable
squad_1133,squad,qwen2.5:3b,open_ended,a storm,8,0.053571428571428575,0.0,0.053571428571428575,0.053571428571428575,0.19642857142857142,1.0,,0.0,0.10714285714285715,0.0,0.0,0.0,0.0,artifact
squad_1139,squad,qwen2.5:3b,open_ended,Guy de Lusignan,8,0.0,0.0,0.0,0.0,0.4615384615384615,1.0,,0.0,0.0,0.0,0.0,0.0,0.0,artifact
squad_1169,squad,qwen2.5:3b,open_ended,1856,8,0.3458020844828051,0.0,0.3458020844828051,0.3458020844828051,0.5535714285714285,1.0,,-0.1785714285714285,0.5357142857142857,0.1785714285714286,0.0,0.0,0.0,artifact
squad_1290,squad,qwen2.5:3b,open_ended,1881,8,0.236227795630767,0.0,0.236227795630767,0.236227795630767,0.375,1.0,,-0.1785714285714286,0.1785714285714285,0.1785714285714285,0.0,0.0,0.0,artifact
squad_1291,squad,qwen2.5:3b,open_ended,a telegraph company,8,0.03290796499112694,0.0,0.03290796499112694,0.03290796499112694,0.23406593406593407,1.0,,-0.00366300366300365,0.06520146520146519,-0.00366300366300365,0.0,0.0,0.0,artifact
squad_1307,squad,qwen2.5:3b,open_ended,fifty thousand dollars,8,0.1645613801294264,0.0,0.1645613801294264,0.1645613801294264,0.16447368421052633,1.0,,0.004385964912280715,-0.32894736842105265,0.004385964912280715,0.0,0.0,0.0,artifact
squad_1403,squad,qwen2.5:3b,open_ended,35,8,0.03333333333333334,0.0,0.03333333333333334,0.03333333333333334,0.13333333333333336,1.0,,0.0,0.06666666666666668,0.0,0.0,0.0,0.0,artifact
squad_1424,squad,qwen2.5:3b,open_ended,X-ray image,8,0.3858416503991871,0.0,0.3858416503991871,0.3858416503991871,0.5210282651072125,1.0,,-0.006091617933723259,0.7579434697855749,-0.015350877192982448,0.0,0.0,0.0,artifact
squad_1489,squad,qwen2.5:3b,open_ended,1899,8,0.0,0.0,0.0,0.0,0.5,1.0,,0.0,0.0,0.0,0.0,0.0,0.0,artifact
squad_1519,squad,qwen2.5:3b,open_ended,sold,8,0.040343576522993946,0.0,0.040343576522993946,0.040343576522993946,0.28125,1.0,,0.020833333333333315,0.0625,0.020833333333333315,0.0,0.0,0.0,artifact
squad_1535,squad,qwen2.5:3b,open_ended,VTOL aircraft,8,0.06107687934804111,0.4841229182759271,0.423046038927886,-0.423046038927886,0.4111512791991101,0.375,,0.03735632183908044,-0.08092324805339268,-0.0373563218390805,-0.25,0.75,0.25,stable
squad_1584,squad,qwen2.5:3b,open_ended,Belgrade,8,0.06959132708982095,0.0,0.06959132708982095,0.06959132708982095,0.24553571428571427,1.0,,-0.08035714285714285,0.08035714285714285,0.0,0.0,0.0,0.0,artifact
squad_1654,squad,qwen2.5:3b,open_ended,1926,8,0.20207259421636903,0.5,0.29792740578363097,-0.29792740578363097,0.31666666666666665,0.5,,0.0,0.2333333333333333,-0.23333333333333336,0.0,1.0,0.0,stable
squad_1674,squad,qwen2.5:3b,open_ended,several,8,0.054995649286582814,0.0,0.054995649286582814,0.054995649286582814,0.1407526350461133,1.0,,-0.0036396574440052676,0.10940382081686427,0.005451251646903826,0.0,0.0,0.0,artifact
squad_1679,squad,qwen2.5:3b,open_ended,more than 70,8,0.17621425291581808,0.5,0.32378574708418195,-0.32378574708418195,0.37192234848484845,0.5,,-0.08443813131313133,0.31676136363636365,0.06707702020202022,0.0,0.5,0.5,stable
squad_1743,squad,qwen2.5:3b,open_ended,computational power,8,0.0,0.0,0.0,0.0,0.0,0.0,,0.0,0.0,0.0,0.0,0.0,0.0,artifact
squad_1796,squad,qwen2.5:3b,open_ended,time and space hierarchy theorems,8,0.26165889820288235,0.0,0.26165889820288235,0.26165889820288235,0.4956122448979592,1.0,,-0.05122448979591837,0.5087755102040816,0.04877551020408166,0.0,0.0,0.0,artifact
squad_1824,squad,qwen2.5:3b,open_ended,"$1,000,000",8,0.011439143083743547,0.0,0.011439143083743547,0.011439143083743547,0.17272727272727273,1.0,,0.004545454545454519,0.012121212121212088,0.012121212121212088,0.0,0.0,0.0,artifact
squad_1827,squad,qwen2.5:3b,open_ended,graph isomorphism problem,8,0.36363636363636365,0.0,0.36363636363636365,0.36363636363636365,0.6363636363636364,1.0,,0.0,0.7272727272727273,0.0,0.0,0.0,0.0,artifact
squad_1832,squad,qwen2.5:3b,open_ended,Laszlo Babai and Eugene Luks,8,0.34396833827496565,0.0,0.34396833827496565,0.34396833827496565,0.6568580134756605,1.0,,-0.01191422514951923,0.6862839730486789,0.031522068286774174,0.0,0.0,0.0,artifact
squad_1876,squad,qwen2.5:3b,open_ended,21,8,0.0,0.0,0.0,0.0,0.19999999999999998,1.0,,0.0,0.0,0.0,0.0,0.0,0.0,artifact
squad_188,squad,qwen2.5:3b,open_ended,number one,8,0.2539804241338203,0.33071891388307384,0.07673848974925351,-0.07673848974925351,0.5466346153846154,0.875,,-0.014423076923076872,0.5067307692307692,-0.014423076923076872,-0.25,0.25,-0.25,stable
squad_1982,squad,qwen2.5:3b,open_ended,Japan,8,0.4143058116362303,0.0,0.4143058116362303,0.4143058116362303,0.6791666666666667,1.0,,0.2250000000000001,0.6416666666666666,0.20833333333333337,0.0,0.0,0.0,artifact
squad_2045,squad,qwen2.5:3b,open_ended,2012,8,0.048484848484848436,0.0,0.048484848484848436,0.048484848484848436,0.3151515151515152,1.0,,0.0,0.09696969696969687,0.0,0.0,0.0,0.0,artifact
squad_2060,squad,qwen2.5:3b,open_ended,universities and/or TAFE colleges,8,0.1599869391297073,0.0,0.1599869391297073,0.1599869391297073,0.32462424962424963,1.0,,-0.01866241866241869,0.3157864657864659,0.01866241866241869,0.0,0.0,0.0,artifact
squad_2103,squad,qwen2.5:3b,open_ended,Welsh,8,0.06033671110926576,0.5,0.43966328889073425,-0.43966328889073425,0.10714285714285715,0.5,,-0.005952380952380959,0.11904761904761905,-0.008928571428571425,0.0,1.0,0.0,stable
squad_2266,squad,qwen2.5:3b,open_ended,3 January 1521,8,0.0,0.0,0.0,0.0,0.5,1.0,,0.0,0.0,0.0,0.0,0.0,0.0,artifact
squad_2286,squad,qwen2.5:3b,open_ended,25 May 1521,8,0.0,0.0,0.0,0.0,0.4615384615384615,1.0,,0.0,0.0,0.0,0.0,0.0,0.0,artifact
squad_2287,squad,qwen2.5:3b,open_ended,Emperor,8,0.04639421805988063,0.0,0.04639421805988063,0.04639421805988063,0.16964285714285715,1.0,,0.0,0.053571428571428575,0.053571428571428575,0.0,0.0,0.0,artifact
squad_2340,squad,qwen2.5:3b,open_ended,on three grounds,8,0.03994860444514642,0.0,0.03994860444514642,0.03994860444514642,0.2043706293706294,1.0,,-0.02692307692307691,0.04510489510489507,-0.026923076923076883,0.0,0.0,0.0,artifact
squad_2504,squad,qwen2.5:3b,open_ended,as a scourge,8,0.01369494990471166,0.4841229182759271,0.4704279683712155,-0.4704279683712155,0.1065909090909091,0.625,,-0.0022727272727272596,-0.026818181818181797,-0.0022727272727272596,-0.25,-0.75,-0.25,stable
squad_2547,squad,qwen2.5:3b,open_ended,the Jews,8,0.046153846153846156,0.5,0.45384615384615384,-0.45384615384615384,0.35384615384615387,0.5,,0.0,0.09230769230769231,0.0,0.0,1.0,0.0,stable
squad_2591,squad,qwen2.5:3b,open_ended,Eisleben,8,0.05511981898051231,0.0,0.05511981898051231,0.05511981898051231,0.1875,0.0,,-0.04166666666666666,0.041666666666666685,0.041666666666666685,0.0,0.0,0.0,artifact
squad_2615,squad,qwen2.5:3b,open_ended,frail Catholic saints,8,0.16064647260996895,0.0,0.16064647260996895,0.16064647260996895,0.3289272500755059,1.0,,0.0648727725762609,0.30237277257626094,-0.036912941709453306,0.0,0.0,0.0,artifact
squad_2621,squad,qwen2.5:3b,open_ended,31 October,8,0.0,0.0,0.0,0.0,0.3076923076923077,1.0,,0.0,0.0,0.0,0.0,0.0,0.0,artifact
squad_2646,squad,qwen2.5:3b,open_ended,San Diego,8,0.35445948823648304,0.0,0.35445948823648304,0.35445948823648304,0.6456043956043955,1.0,,0.005494505494505586,0.7087912087912088,0.005494505494505475,0.0,0.0,0.0,artifact
squad_2664,squad,qwen2.5:3b,open_ended,beaches,8,0.14635488747021655,0.0,0.14635488747021655,0.14635488747021655,0.2944444444444444,1.0,,0.05555555555555558,0.1444444444444444,-0.13888888888888887,0.0,0.0,0.0,artifact
squad_2677,squad,qwen2.5:3b,open_ended,inequitable taxes,8,0.31928740101113356,0.33071891388307384,0.011431512871940275,-0.011431512871940275,0.6833333333333333,0.875,,0.033333333333333215,0.6333333333333333,0.033333333333333326,0.25,0.25,0.25,stable
squad_2705,squad,qwen2.5:3b,open_ended,very rare,8,0.0,0.0,0.0,0.0,0.33333333333333337,1.0,,0.0,0.0,0.0,0.0,0.0,0.0,artifact
squad_2803,squad,qwen2.5:3b,open_ended,an official school sport,8,0.16859532103684638,0.0,0.16859532103684638,0.16859532103684638,0.5591250854408749,1.0,,0.010025062656641603,0.33629528366370476,-0.010025062656641603,0.0,0.0,0.0,artifact
squad_2927,squad,qwen2.5:3b,open_ended,Australian Labor Party,8,0.18687063686046268,0.0,0.18687063686046268,0.18687063686046268,0.3904761904761905,1.0,,-0.11428571428571421,0.24761904761904757,0.11428571428571421,0.0,0.0,0.0,artifact
squad_3150,squad,qwen2.5:3b,open_ended,'Bucks Point',8,0.2511086528886561,0.0,0.2511086528886561,0.2511086528886561,0.55,1.0,,0.0,0.5,0.033333333333333215,0.0,0.0,0.0,artifact
squad_319,squad,qwen2.5:3b,open_ended,11,8,0.015506501788692142,0.0,0.015506501788692142,0.015506501788692142,0.1385039592760181,1.0,,0.0018382352941176405,0.030684389140271495,0.0018382352941176405,0.0,0.0,0.0,artifact
squad_3257,squad,qwen2.5:3b,open_ended,external combustion,8,0.0,0.0,0.0,0.0,0.6666666666666666,1.0,,0.0,0.0,0.0,0.0,0.0,0.0,artifact
squad_3258,squad,qwen2.5:3b,open_ended,atmospheric engine,8,0.15714285714285714,0.0,0.15714285714285714,0.15714285714285714,0.44285714285714284,1.0,,0.0,0.3142857142857143,0.0,0.0,0.0,0.0,artifact
squad_3295,squad,qwen2.5:3b,open_ended,1606,8,0.01389753898383479,0.0,0.01389753898383479,0.01389753898383479,0.08365164247517189,1.0,,0.0015278838808250594,0.014514896867838037,-0.016679399032340197,0.0,0.0,0.0,artifact
squad_3432,squad,qwen2.5:3b,open_ended,seal,8,0.07981062233569919,0.33071891388307384,0.25090829154737465,-0.25090829154737465,0.16664002557544758,0.875,,0.003676470588235281,0.1593670076726343,0.003676470588235309,0.25,-0.25,0.25,stable
squad_3456,squad,qwen2.5:3b,open_ended,ocean liners,8,0.2755990949025615,0.0,0.2755990949025615,0.2755990949025615,0.7291666666666667,1.0,,-0.04166666666666663,0.5416666666666666,0.04166666666666663,0.0,0.0,0.0,artifact
squad_3470,squad,qwen2.5:3b,open_ended,two atoms,8,0.07651140104819755,0.0,0.07651140104819755,0.07651140104819755,0.4242424242424242,1.0,,0.015151515151515083,0.15151515151515155,0.0,0.0,0.0,0.0,artifact
squad_3483,squad,qwen2.5:3b,open_ended,photosynthesis,8,0.5,0.0,0.5,0.5,0.5,0.0,,0.0,1.0,0.0,0.0,0.0,0.0,artifact
squad_3527,squad,qwen2.5:3b,open_ended,pure O,8,0.1953980498848555,0.0,0.1953980498848555,0.1953980498848555,0.17994505494505494,0.0,,-0.03846153846153849,0.1401098901098901,0.217032967032967,0.0,0.0,0.0,artifact
squad_3582,squad,qwen2.5:3b,open_ended,cellular respiration,8,0.038961038961038946,0.0,0.038961038961038946,0.038961038961038946,0.3246753246753247,1.0,,0.0,0.07792207792207789,0.0,0.0,0.0,0.0,artifact
squad_3593,squad,qwen2.5:3b,open_ended,third,8,0.0,0.0,0.0,0.0,0.33333333333333337,1.0,,0.0,0.0,0.0,0.0,0.0,0.0,artifact
squad_3598,squad,qwen2.5:3b,open_ended,compressing and cooling,8,0.2085670697971181,0.0,0.2085670697971181,0.2085670697971181,0.3555968726163234,1.0,,0.046052631578947456,0.36336765827612505,-0.046052631578947345,0.0,0.0,0.0,artifact
squad_3611,squad,qwen2.5:3b,open_ended,Carotenoids,8,0.03409090909090909,0.0,0.03409090909090909,0.03409090909090909,0.2159090909090909,1.0,,0.0,0.06818181818181818,0.0,0.0,0.0,0.0,artifact
squad_3657,squad,qwen2.5:3b,open_ended,water,8,0.1613743060919757,0.0,0.1613743060919757,0.1613743060919757,0.2916666666666667,1.0,,0.08333333333333337,0.25,0.08333333333333337,0.0,0.0,0.0,artifact
squad_3681,squad,qwen2.5:3b,open_ended,cabin depressurization,8,0.10416666666666666,0.0,0.10416666666666666,0.10416666666666666,0.22916666666666666,1.0,,0.0,0.20833333333333331,0.0,0.0,0.0,0.0,artifact
squad_3733,squad,qwen2.5:3b,open_ended,"On October 6, 1973",8,0.2647058823529412,0.0,0.2647058823529412,0.2647058823529412,0.7352941176470589,1.0,,0.0,0.5294117647058824,0.0,0.0,0.0,0.0,artifact
squad_3752,squad,qwen2.5:3b,open_ended,The embargo,8,0.0527233051117944,0.0,0.0527233051117944,0.0527233051117944,0.31340579710144933,1.0,,0.039855072463768126,0.039855072463768126,0.039855072463768126,0.0,0.0,0.0,artifact
squad_3811,squad,qwen2.5:3b,open_ended,1985,8,0.026336672185208035,0.0,0.026336672185208035,0.026336672185208035,0.16198752228163993,1.0,,0.0,0.02450980392156865,0.02450980392156865,0.0,0.0,0.0,artifact
squad_3814,squad,qwen2.5:3b,open_ended,1979,8,0.03991980161805028,0.0,0.03991980161805028,0.03991980161805028,0.23839285714285713,1.0,,0.008928571428571425,-0.07678571428571432,0.008928571428571425,0.0,0.0,0.0,artifact
squad_3923,squad,qwen2.5:3b,open_ended,3 days,8,0.0,0.0,0.0,0.0,0.0,0.0,,0.0,0.0,0.0,0.0,0.0,0.0,artifact
squad_3946,squad,qwen2.5:3b,open_ended,1969,8,0.42857142857142855,0.0,0.42857142857142855,0.42857142857142855,0.5714285714285714,1.0,,0.0,0.8571428571428571,0.0,0.0,0.0,0.0,artifact
squad_4010,squad,qwen2.5:3b,open_ended,July 24,8,0.24615384615384617,0.0,0.24615384615384617,0.24615384615384617,0.5538461538461539,1.0,,0.0,0.49230769230769234,0.0,0.0,0.0,0.0,artifact
squad_4012,squad,qwen2.5:3b,open_ended,Surveyor 3,8,0.3471825374147068,0.0,0.3471825374147068,0.3471825374147068,0.5714285714285714,1.0,,0.1071428571428571,0.6428571428571429,0.1071428571428571,0.0,0.0,0.0,artifact
squad_4040,squad,qwen2.5:3b,open_ended,Apollo Applications Program,8,0.21534349096290753,0.0,0.21534349096290753,0.21534349096290753,0.7878787878787878,1.0,,-0.030303030303030276,0.4242424242424243,0.030303030303030276,0.0,0.0,0.0,artifact
squad_4061,squad,qwen2.5:3b,open_ended,Lowry Digital,8,0.056818181818181795,0.0,0.056818181818181795,0.056818181818181795,0.30681818181818177,1.0,,0.0,0.11363636363636359,0.0,0.0,0.0,0.0,artifact
squad_409,squad,qwen2.5:3b,open_ended,white,8,0.2873025978617235,0.0,0.2873025978617235,0.2873025978617235,0.5044642857142857,1.0,,0.03273809523809512,0.3005952380952381,0.3452380952380953,0.0,0.0,0.0,artifact
squad_4119,squad,qwen2.5:3b,open_ended,this would have also produced a single constitutional document,8,0.10352301368302412,0.0,0.10352301368302412,0.10352301368302412,0.35182263058024565,1.0,,-0.035913312693498456,0.19460035287459637,-0.03161223742468122,0.0,0.0,0.0,artifact
squad_4304,squad,qwen2.5:3b,open_ended,"creditor protection, labour rights to participate in work, or the public interest in collecting taxes",8,0.04680957935311852,0.4841229182759271,0.4373133389228086,-0.4373133389228086,0.09697522049861895,0.375,,0.023297491039426507,-0.08085520290199984,-0.01832320085386875,0.25,-0.75,-0.25,stable
squad_4315,squad,qwen2.5:3b,open_ended,"16,000",8,0.05094267081084933,0.5,0.44905732918915064,-0.44905732918915064,0.029411764705882353,0.5,,-0.058823529411764705,0.058823529411764705,0.0,0.0,0.5,0.0,stable
squad_4333,squad,qwen2.5:3b,open_ended,Middle Miocene,8,0.021724563433984462,0.0,0.021724563433984462,0.021724563433984462,0.33129370629370636,1.0,,-0.0064102564102563875,0.034382284382284356,0.021561771561771526,0.0,0.0,0.0,artifact
squad_4339,squad,qwen2.5:3b,open_ended,Within the last 5–10 million years,8,0.2854910237565406,0.0,0.2854910237565406,0.2854910237565406,0.7269021739130435,1.0,,-0.06793478260869568,0.5461956521739131,0.06793478260869568,0.0,0.0,0.0,artifact
squad_434,squad,qwen2.5:3b,open_ended,Jaime Weston,8,0.34615384615384615,0.0,0.34615384615384615,0.34615384615384615,0.6538461538461539,1.0,,0.0,0.6923076923076923,0.0,0.0,0.0,0.0,artifact
squad_4342,squad,qwen2.5:3b,open_ended,the Atlantic,8,0.36666666666666664,0.0,0.36666666666666664,0.36666666666666664,0.6333333333333333,1.0,,0.0,0.7333333333333333,0.0,0.0,0.0,0.0,artifact
squad_4371,squad,qwen2.5:3b,open_ended,182 million tons,8,0.2427679613978859,0.0,0.2427679613978859,0.2427679613978859,0.5077173913043478,1.0,,0.004565217391304444,0.48456521739130426,-0.015000000000000013,0.0,0.0,0.0,artifact
squad_4374,squad,qwen2.5:3b,open_ended,43 million tons,8,0.3260470412178454,0.0,0.3260470412178454,0.3260470412178454,0.5797697368421053,1.0,,-0.15625,0.5279605263157895,-0.15625,0.0,0.0,0.0,artifact
squad_4386,squad,qwen2.5:3b,open_ended,Betty Meggers,8,0.07275113486026726,0.0,0.07275113486026726,0.07275113486026726,0.2743055555555556,1.0,,-0.034722222222222265,0.11805555555555558,0.034722222222222265,0.0,0.0,0.0,artifact
squad_4422,squad,qwen2.5:3b,open_ended,378,8,0.052940857331554424,0.4841229182759271,0.4311820609443727,-0.4311820609443727,0.040625,0.375,,0.018750000000000003,-0.08125,-0.03125,0.25,-0.75,-0.25,stable
squad_4506,squad,qwen2.5:3b,open_ended,tentilla,8,0.34612286938330383,0.0,0.34612286938330383,0.34612286938330383,0.40101010101010104,1.0,,0.0,0.42020202020202024,0.37979797979797986,0.0,0.0,0.0,artifact
squad_4552,squad,qwen2.5:3b,open_ended,colloblasts,8,0.05950150465592794,0.0,0.05950150465592794,0.05950150465592794,0.210518648018648,1.0,,0.04649517149517149,0.09086746586746583,-0.03250915750915753,0.0,0.0,0.0,artifact
squad_4554,squad,qwen2.5:3b,open_ended,colloblasts,8,0.40148548823502156,0.0,0.40148548823502156,0.40148548823502156,0.48317307692307687,1.0,,0.18749999999999994,0.6586538461538461,0.18749999999999994,0.0,0.0,0.0,artifact
squad_4557,squad,qwen2.5:3b,open_ended,bilaterians,8,0.349442659379014,0.33071891388307384,0.018723745495940136,0.018723745495940136,0.5491071428571428,0.875,,-0.18749999999999994,0.5267857142857143,-0.1875,-0.25,-0.25,-0.25,stable
squad_4741,squad,qwen2.5:3b,open_ended,African-American,8,0.03753927307406197,0.0,0.03753927307406197,0.03753927307406197,0.12588141025641025,1.0,,0.0,0.0559294871794872,0.03541666666666665,0.0,0.0,0.0,artifact
squad_4803,squad,qwen2.5:3b,open_ended,Downtown Fresno,8,0.0,0.0,0.0,0.0,0.33333333333333337,1.0,,0.0,0.0,0.0,0.0,0.0,0.0,artifact
squad_4808,squad,qwen2.5:3b,open_ended,"provide a fault-tolerant, efficient routing method for telecommunication messages",8,0.2911859118347008,0.0,0.2911859118347008,0.2911859118347008,0.5977770587671364,1.0,,-0.0012295081967212962,0.5822236602435049,-0.009124245038826584,0.0,0.0,0.0,artifact
squad_488,squad,qwen2.5:3b,open_ended,San Jose,8,0.2736216862028553,0.0,0.2736216862028553,0.2736216862028553,0.6472222222222221,1.0,,0.15000000000000002,0.4277777777777778,0.12777777777777766,0.0,0.0,0.0,artifact
squad_4889,squad,qwen2.5:3b,open_ended,A user or host could call a host on a foreign network by including the DNIC of the remote network as part of the destination address,8,0.0192265023729065,0.0,0.0192265023729065,0.0192265023729065,0.3690631808278867,1.0,,0.014814814814814836,-0.03224400871459693,0.0,0.0,0.0,0.0,artifact
squad_5038,squad,qwen2.5:3b,open_ended,the mantle,8,0.2947388825242853,0.0,0.2947388825242853,0.2947388825242853,0.42368881118881124,1.0,,-0.1192890442890443,0.5064685314685315,-0.12686480186480187,0.0,0.0,0.0,artifact
squad_5107,squad,qwen2.5:3b,open_ended,all angles remain the same,8,0.12331476087841703,0.4330127018922193,0.30969794101380227,-0.30969794101380227,0.3510023816289801,0.75,,0.014765423077443551,0.19211288380086333,-0.009044100732080285,0.5,0.0,0.5,stable
squad_5155,squad,qwen2.5:3b,open_ended,William the Lion,8,0.34210526315789475,0.0,0.34210526315789475,0.34210526315789475,0.6578947368421053,1.0,,0.0,0.6842105263157895,0.0,0.0,0.0,0.0,artifact
squad_5168,squad,qwen2.5:3b,open_ended,the Scots,8,0.056694670951384106,0.0,0.056694670951384106,0.056694670951384106,0.55,1.0,,-0.042857142857142816,0.042857142857142816,0.042857142857142816,0.0,0.0,0.0,artifact
squad_520,squad,qwen2.5:3b,open_ended,25 percent,8,0.0907441016333938,0.0,0.0907441016333938,0.0907441016333938,0.4355716878402904,1.0,,0.0,0.1814882032667876,0.0,0.0,0.0,0.0,artifact
squad_525,squad,qwen2.5:3b,open_ended,18,8,0.0,0.0,0.0,0.0,0.0,1.0,,0.0,0.0,0.0,0.0,0.0,0.0,artifact
squad_53,squad,qwen2.5:3b,open_ended,Arizona Cardinals,8,0.1333333333333333,0.0,0.1333333333333333,0.1333333333333333,0.5333333333333333,1.0,,0.0,0.2666666666666666,0.0,0.0,0.0,0.0,artifact
squad_5310,squad,qwen2.5:3b,open_ended,Sting,8,0.159247050257997,0.5,0.340752949742003,-0.340752949742003,0.1755952380952381,0.5,,0.01785714285714285,0.3154761904761905,0.01785714285714285,0.0,1.0,0.0,stable
squad_5313,squad,qwen2.5:3b,open_ended,Newcastle Diamonds,8,0.31818181818181823,0.0,0.31818181818181823,0.31818181818181823,0.6818181818181818,1.0,,0.0,0.6363636363636365,0.0,0.0,0.0,0.0,artifact
squad_5514,squad,qwen2.5:3b,open_ended,"more than 70,000",8,0.2578058403520381,0.0,0.2578058403520381,0.2578058403520381,0.4088827838827839,1.0,,0.0027472527472527375,0.5155677655677655,0.0027472527472527375,0.0,0.0,0.0,artifact
squad_5573,squad,qwen2.5:3b,open_ended,Germany and Switzerland,8,0.31911222973060765,0.0,0.31911222973060765,0.31911222973060765,0.4517543859649123,1.0,,0.023391812865497075,0.412280701754386,0.3654970760233919,0.0,0.0,0.0,artifact
squad_5574,squad,qwen2.5:3b,open_ended,4000,8,0.31396262654048096,0.0,0.31396262654048096,0.31396262654048096,0.5972222222222223,1.0,,-0.13888888888888895,0.5277777777777778,0.13888888888888884,0.0,0.0,0.0,artifact
squad_5635,squad,qwen2.5:3b,open_ended,233,8,0.0,0.0,0.0,0.0,0.2222222222222222,1.0,,0.0,0.0,0.0,0.0,0.0,0.0,artifact
squad_5820,squad,qwen2.5:3b,open_ended,1963–64 season,8,0.03323124659555778,0.0,0.03323124659555778,0.03323124659555778,0.33642191142191147,1.0,,-0.016666666666666663,0.05745920745920746,0.016666666666666663,0.0,0.0,0.0,artifact
squad_5881,squad,qwen2.5:3b,open_ended,2006,8,0.27599128840661347,0.0,0.27599128840661347,0.27599128840661347,0.28562801932367154,1.0,,0.19444444444444445,0.2620772946859903,0.2620772946859903,0.0,0.0,0.0,artifact
squad_5925,squad,qwen2.5:3b,open_ended,iTunes,8,0.3977252394464011,0.4330127018922193,0.03528746244581821,-0.03528746244581821,0.3141347650171179,0.75,,0.00019607843137253722,0.5145876128229069,0.41133831310301894,0.0,0.5,-0.5,stable
squad_5930,squad,qwen2.5:3b,open_ended,1970,8,0.022577720634151085,0.0,0.022577720634151085,0.022577720634151085,0.20012626262626262,1.0,,0.0037878787878787845,0.04419191919191917,0.0037878787878787845,0.0,0.0,0.0,artifact
squad_5947,squad,qwen2.5:3b,open_ended,HD,8,0.28557474270927635,0.0,0.28557474270927635,0.28557474270927635,0.38392857142857145,1.0,,0.125,0.4821428571428571,-0.125,0.0,0.0,0.0,artifact
squad_5977,squad,qwen2.5:3b,open_ended,Time Warner Cable,8,0.375,0.0,0.375,0.375,0.625,1.0,,0.0,0.75,0.0,0.0,0.0,0.0,artifact
squad_6065,squad,qwen2.5:3b,open_ended,NBC,8,0.4,0.0,0.4,0.4,0.6,1.0,,0.0,0.8,0.0,0.0,0.0,0.0,artifact
squad_6118,squad,qwen2.5:3b,open_ended,"Hasar, Hachiun, and Temüge",8,0.0,0.0,0.0,0.0,0.6153846153846153,1.0,,0.0,0.0,0.0,0.0,0.0,0.0,artifact
squad_6126,squad,qwen2.5:3b,open_ended,the Tayichi'ud,8,0.034990925405431896,0.0,0.034990925405431896,0.034990925405431896,0.3838383838383838,1.0,,0.0,0.04040404040404044,0.04040404040404044,0.0,0.0,0.0,artifact
squad_6201,squad,qwen2.5:3b,open_ended,the Silk Road,8,0.024868115137866874,0.0,0.024868115137866874,0.024868115137866874,0.4049107142857143,1.0,,-0.006249999999999978,0.04732142857142857,0.006249999999999978,0.0,0.0,0.0,artifact
squad_6216,squad,qwen2.5:3b,open_ended,reneged,8,0.08385093167701863,0.0,0.08385093167701863,0.08385093167701863,0.3447204968944099,1.0,,0.0,0.16770186335403725,0.0,0.0,0.0,0.0,artifact
squad_6224,squad,qwen2.5:3b,open_ended,Subutai,8,0.0,0.0,0.0,0.0,0.0,1.0,,0.0,0.0,0.0,0.0,0.0,0.0,artifact
squad_6227,squad,qwen2.5:3b,open_ended,Mstislav the Bold of Halych and Mstislav III of Kiev,8,0.024012731691488563,0.4330127018922193,0.40899997020073076,-0.40899997020073076,0.3929924242424242,0.75,,0.0,0.04734848484848486,-0.005681818181818121,0.0,0.5,0.5,stable
squad_6252,squad,qwen2.5:3b,open_ended,Khorasan,8,0.1411764705882353,0.0,0.1411764705882353,0.1411764705882353,0.25882352941176473,1.0,,0.0,0.2823529411764706,0.0,0.0,0.0,0.0,artifact
squad_6304,squad,qwen2.5:3b,open_ended,the Silk Road,8,0.03865545746685278,0.0,0.03865545746685278,0.03865545746685278,0.4431818181818181,1.0,,0.029220779220779203,0.029220779220779203,0.029220779220779203,0.0,0.0,0.0,artifact
squad_6482,squad,qwen2.5:3b,open_ended,"pathogens, from viruses to parasitic worms",8,0.0607387295472712,0.0,0.0607387295472712,0.0607387295472712,0.1913407309748773,1.0,,-0.0039551746868820015,0.11731853805024539,0.02157035083864353,0.0,0.0,0.0,artifact
squad_6537,squad,qwen2.5:3b,open_ended,tears,8,0.0,0.0,0.0,0.0,0.18181818181818182,1.0,,0.0,0.0,0.0,0.0,0.0,0.0,artifact
squad_6543,squad,qwen2.5:3b,open_ended,commensal flora,8,0.04858299595141702,0.0,0.04858299595141702,0.04858299595141702,0.2591093117408907,1.0,,0.0,0.09716599190283404,0.0,0.0,0.0,0.0,artifact
squad_6572,squad,qwen2.5:3b,open_ended,MHC I (major histocompatibility complex),8,0.2268161771816387,0.0,0.2268161771816387,0.2268161771816387,0.6071428571428572,1.0,,0.0,0.261904761904762,0.261904761904762,0.0,0.0,0.0,artifact
squad_6873,squad,qwen2.5:3b,open_ended,creative plea,8,0.06198016621385654,0.0,0.06198016621385654,0.06198016621385654,0.14083478134230012,0.0,,0.05379029909105096,0.10838482736978976,0.01379854481358242,0.0,0.0,0.0,artifact
squad_6912,squad,qwen2.5:3b,open_ended,Construction,8,0.06160107696731468,0.0,0.06160107696731468,0.06160107696731468,0.10715548414487747,1.0,,-0.03550895968143354,0.11068903171024505,-0.007012561122009778,0.0,0.0,0.0,artifact
squad_6916,squad,qwen2.5:3b,open_ended,a known client,8,0.24206145913796356,0.0,0.24206145913796356,0.24206145913796356,0.6875,1.0,,-0.125,0.375,0.125,0.0,0.0,0.0,artifact
squad_6924,squad,qwen2.5:3b,open_ended,"heavy/highway, heavy civil or heavy engineering",8,0.06889977372564039,0.0,0.06889977372564039,0.06889977372564039,0.6510416666666667,1.0,,-0.05208333333333337,0.05208333333333337,0.05208333333333337,0.0,0.0,0.0,artifact
squad_6932,squad,qwen2.5:3b,open_ended,"construction service firms (e.g., engineering, architecture) and construction managers",8,0.04330127018922194,0.4330127018922193,0.3897114317029974,-0.3897114317029974,0.425,0.75,,-0.04999999999999993,0.04999999999999999,0.0,-0.5,-0.5,0.0,stable
squad_7019,squad,qwen2.5:3b,open_ended,upper sixth,8,0.0,0.0,0.0,0.0,1.0,1.0,,0.0,0.0,0.0,0.0,0.0,0.0,artifact
squad_711,squad,qwen2.5:3b,open_ended,Mike Carey,8,0.12164137873766317,0.0,0.12164137873766317,0.12164137873766317,0.29774436090225564,1.0,,-0.0026315789473683737,0.19022556390977446,0.10977443609022558,0.0,0.0,0.0,artifact
squad_7123,squad,qwen2.5:3b,open_ended,John Harvard,8,0.2777777777777778,0.0,0.2777777777777778,0.2777777777777778,0.7222222222222222,1.0,,0.0,0.5555555555555556,0.0,0.0,0.0,0.0,artifact
squad_7177,squad,qwen2.5:3b,open_ended,30% loss,8,0.04115779977011017,0.4841229182759271,0.44296511850581693,-0.44296511850581693,0.09632919922825164,0.375,,-0.039599835785315105,0.0019117372901030633,0.023769148171904175,-0.25,-0.25,-0.25,stable
squad_7359,squad,qwen2.5:3b,open_ended,productivity gap between highly-paid professions and lower-paid professions,8,0.07079340330420107,0.0,0.07079340330420107,0.07079340330420107,0.45367132867132864,1.0,,0.0437062937062937,0.09265734265734266,0.0437062937062937,0.0,0.0,0.0,artifact
squad_7397,squad,qwen2.5:3b,open_ended,achievement-oriented,8,0.2110928354662592,0.0,0.2110928354662592,0.2110928354662592,0.45833333333333337,1.0,,-0.1388888888888889,0.25,0.138888888888889,0.0,0.0,0.0,artifact
squad_7428,squad,qwen2.5:3b,open_ended,decrease,8,0.10790042372058585,0.4841229182759271,0.3762224945553413,-0.3762224945553413,0.5224253403601229,0.625,,-0.0019213877909530774,0.21404259991216507,-0.0019213877909530774,-0.25,-0.75,-0.25,stable
squad_7433,squad,qwen2.5:3b,open_ended,designed to equip students with necessary skill sets to be able to perform at work,8,0.06925777009486095,0.4330127018922193,0.36375493179735835,-0.36375493179735835,0.2178421368547419,0.75,,-0.062214885954381766,-0.10003001200480194,-0.004591836734693877,0.5,-0.5,0.0,stable
squad_750,squad,qwen2.5:3b,open_ended,Ted Ginn Jr.,8,0.4330127018922193,0.4330127018922193,0.0,0.0,0.25,0.25,,-0.5,0.5,0.0,-0.5,0.5,0.0,stable
squad_7517,squad,qwen2.5:3b,open_ended,23,8,0.14182997123577493,0.0,0.14182997123577493,0.14182997123577493,0.3583333333333333,1.0,,0.005555555555555591,0.2833333333333333,-0.005555555555555591,0.0,0.0,0.0,artifact
squad_7527,squad,qwen2.5:3b,open_ended,among states in the US with larger income inequalities,8,0.08626752087988122,0.0,0.08626752087988122,0.08626752087988122,0.4047388781431335,0.0,,0.0,0.09961315280464222,-0.09961315280464217,0.0,0.0,0.0,artifact
squad_7573,squad,qwen2.5:3b,open_ended,between 1960 and 2000,8,0.12464773987793983,0.0,0.12464773987793983,0.12464773987793983,0.4367816091954023,1.0,,-0.06436781609195397,0.193103448275862,0.06436781609195408,0.0,0.0,0.0,artifact
squad_7668,squad,qwen2.5:3b,open_ended,Rose,8,0.45114495068539295,0.0,0.45114495068539295,0.45114495068539295,0.5488636363636363,1.0,,0.002272727272727315,0.9022727272727273,0.002272727272727315,0.0,0.0,0.0,artifact
squad_771,squad,qwen2.5:3b,open_ended,Miller,8,0.0951915809030921,0.33071891388307384,0.23552733297998174,-0.23552733297998174,0.20535714285714285,0.875,,-0.04166666666666666,0.1607142857142857,-0.04166666666666666,-0.25,0.25,-0.25,stable
squad_7787,squad,qwen2.5:3b,open_ended,Roger Delgado,8,0.0,0.0,0.0,0.0,0.33333333333333337,1.0,,0.0,0.0,0.0,0.0,0.0,0.0,artifact
squad_7962,squad,qwen2.5:3b,open_ended,Marshall Field,8,0.0,0.0,0.0,0.0,0.3636363636363636,1.0,,0.0,0.0,0.0,0.0,0.0,0.0,artifact
squad_8005,squad,qwen2.5:3b,open_ended,Renmin University,8,0.13065959770859845,0.0,0.13065959770859845,0.13065959770859845,0.23173076923076924,1.0,,0.06153846153846154,0.21346153846153848,0.06153846153846154,0.0,0.0,0.0,artifact
squad_8085,squad,qwen2.5:3b,open_ended,Eliot Ness,8,0.07759028159484067,0.33071891388307384,0.2531286322882332,-0.2531286322882332,0.26187523003312474,0.875,,-0.04514906146485087,0.14757821126242182,0.008086124401913863,0.25,0.25,0.25,stable
squad_8179,squad,qwen2.5:3b,open_ended,1234,8,0.0,0.0,0.0,0.0,0.2857142857142857,1.0,,0.0,0.0,0.0,0.0,0.0,0.0,artifact
squad_8201,squad,qwen2.5:3b,open_ended,1313,8,0.20745406740443684,0.0,0.20745406740443684,0.20745406740443684,0.30757575757575756,1.0,,0.0,0.2515151515151515,0.23333333333333328,0.0,0.0,0.0,artifact
squad_8279,squad,qwen2.5:3b,open_ended,"Buddhism, especially the Tibetan variants",8,0.0,0.0,0.0,0.0,0.42857142857142855,1.0,,0.0,0.0,0.0,0.0,0.0,0.0,artifact
squad_8317,squad,qwen2.5:3b,open_ended,1294,8,0.010758287072798384,0.0,0.010758287072798384,0.010758287072798384,0.20833333333333331,1.0,,0.005555555555555564,-0.005555555555555536,-0.016666666666666663,0.0,0.0,0.0,artifact
squad_8348,squad,qwen2.5:3b,open_ended,Khanbaliq,8,0.03113499245386194,0.0,0.03113499245386194,0.03113499245386194,0.16904761904761906,1.0,,0.0,0.06190476190476188,-0.004761904761904773,0.0,0.0,0.0,artifact
squad_8479,squad,qwen2.5:3b,open_ended,", helped to increase local producer prices by 20–25%",8,0.04322291704467943,0.0,0.04322291704467943,0.04322291704467943,0.6077651515151514,1.0,,0.0,-0.057196969696969746,0.04583333333333328,0.0,0.0,0.0,artifact
squad_8645,squad,qwen2.5:3b,open_ended,"Jones et al. 1998, Pollack, Huang & Shen 1998, Crowley & Lowery 2000 and Briffa 2000",8,0.02783564572584375,0.0,0.02783564572584375,0.02783564572584375,0.10057801646289319,0.0,,0.011965328471437123,-0.025643140021589073,0.006683022125300989,0.0,0.0,0.0,artifact
squad_8669,squad,qwen2.5:3b,open_ended,coordinating lead author of the Fifth Assessment Report,8,0.08041106565842845,0.0,0.08041106565842845,0.08041106565842845,0.44861397806725134,1.0,,-0.01617956903772838,0.1550935961870497,-0.012987097628938238,0.0,0.0,0.0,artifact
squad_8689,squad,qwen2.5:3b,open_ended,the Calvin cycle,8,0.35930630591202267,0.0,0.35930630591202267,0.35930630591202267,0.6414473684210527,1.0,,0.0,0.7171052631578947,0.03289473684210531,0.0,0.0,0.0,artifact
squad_8727,squad,qwen2.5:3b,open_ended,accessory pigments that override the chlorophylls' green colors,8,0.11739363873690245,0.0,0.11739363873690245,0.11739363873690245,0.6107050527889644,1.0,,-0.07443507624995827,0.17866350502199768,-0.022076931012556034,0.0,0.0,0.0,artifact
squad_8751,squad,qwen2.5:3b,open_ended,"fatty acids, isopentenyl pyrophosphate, iron-sulfur clusters",8,0.030280608523931406,0.0,0.030280608523931406,0.030280608523931406,0.5629370629370629,0.0,,-0.034965034965035,0.034965034965035,0.0,0.0,0.0,0.0,artifact
squad_8785,squad,qwen2.5:3b,open_ended,1962,8,0.011332026743675436,0.0,0.011332026743675436,0.011332026743675436,0.18674242424242427,1.0,,0.008333333333333304,-0.009848484848484829,0.00833333333333336,0.0,0.0,0.0,artifact
squad_8797,squad,qwen2.5:3b,open_ended,when it is single stranded,8,0.17369094117086067,0.5,0.3263090588291393,-0.3263090588291393,0.15901497695852534,0.5,,-0.021255760368663612,-0.3180299539170507,0.09625576036866358,0.0,-1.0,0.0,stable
squad_8830,squad,qwen2.5:3b,open_ended,Stromules,8,0.04768967975941499,0.0,0.04768967975941499,0.04768967975941499,0.17083333333333334,1.0,,-0.04166666666666663,0.07500000000000004,0.0,0.0,0.0,0.0,artifact
squad_8835,squad,qwen2.5:3b,open_ended,"in some C3 angiosperms, and even some gymnosperms",8,0.045505904783549024,0.33071891388307384,0.2852130090995248,-0.2852130090995248,0.3040485829959514,0.125,,-0.035897435897435936,0.02348178137651824,0.035897435897435936,-0.25,-0.25,0.25,stable
squad_8837,squad,qwen2.5:3b,open_ended,increase the chloroplast's surface area for cross-membrane transport,8,0.161081435255068,0.0,0.161081435255068,0.161081435255068,0.5736280354168493,1.0,,-0.02146050670640831,0.3174498115192427,-0.032352941176470695,0.0,0.0,0.0,artifact
squad_8928,squad,qwen2.5:3b,open_ended,cyclic photophosphorylation,8,0.14670391462906882,0.0,0.14670391462906882,0.14670391462906882,0.47727272727272724,1.0,,0.0757575757575758,0.22727272727272724,-0.0757575757575758,0.0,0.0,0.0,artifact
squad_8935,squad,qwen2.5:3b,open_ended,glucose monomers in the chloroplast can be linked together,8,0.2077066114038163,0.0,0.2077066114038163,0.2077066114038163,0.49979757085020243,1.0,,-0.06882591093117407,0.40040485829959527,0.02631578947368418,0.0,0.0,0.0,artifact
squad_9,squad,qwen2.5:3b,open_ended,American Football Conference,8,0.16666666666666669,0.0,0.16666666666666669,0.16666666666666669,0.8333333333333333,1.0,,0.0,0.33333333333333337,0.0,0.0,0.0,0.0,artifact
squad_9007,squad,qwen2.5:3b,open_ended,Christian Goldbach,8,0.008247860988423195,0.4330127018922193,0.4247648409037961,-0.4247648409037961,0.27142857142857146,0.25,,0.0,0.00952380952380949,0.00952380952380949,0.0,0.5,0.5,stable
squad_9044,squad,qwen2.5:3b,open_ended,primorial primes,8,0.320018089571372,0.4330127018922193,0.11299461232084729,-0.11299461232084729,0.39702286018075494,0.25,,-0.12211589580010629,0.5726209463051569,-0.11919191919191913,0.0,0.0,0.0,stable
squad_9064,squad,qwen2.5:3b,open_ended,exceeds any given number,8,0.14480734264682465,0.0,0.14480734264682465,0.14480734264682465,0.2480696813999956,1.0,,0.08458105526645149,0.26366455876863626,0.05052532771227197,0.0,0.0,0.0,artifact
squad_9125,squad,qwen2.5:3b,open_ended,norm gets smaller,8,0.13637240715484594,0.0,0.13637240715484594,0.13637240715484594,0.34060150375939846,1.0,,0.0,0.17593984962406012,-0.14736842105263165,0.0,0.0,0.0,artifact
squad_916,squad,qwen2.5:3b,open_ended,12th/13th-century nobleman,8,0.185060578108592,0.0,0.185060578108592,0.185060578108592,0.3868014631172526,1.0,,0.008351960983539908,0.36925421662263774,0.011196911196911241,0.0,0.0,0.0,artifact
squad_9195,squad,qwen2.5:3b,open_ended,upper lake,8,0.08333333333333331,0.0,0.08333333333333331,0.08333333333333331,0.5833333333333333,1.0,,0.0,0.16666666666666663,0.0,0.0,0.0,0.0,artifact
squad_9197,squad,qwen2.5:3b,open_ended,Austria,8,0.41244127859131213,0.33071891388307384,0.0817223647082383,0.0817223647082383,0.49244505494505497,0.875,,-0.1103479853479854,0.7651098901098901,-0.1103479853479854,-0.25,-0.25,-0.25,stable
squad_9292,squad,qwen2.5:3b,open_ended,Waal,8,0.12415895957009415,0.33071891388307384,0.2065599543129797,-0.2065599543129797,0.2651674306086071,0.875,,-0.04434046345811049,0.19477336389101102,0.08820346320346323,0.25,-0.25,-0.25,stable
squad_9295,squad,qwen2.5:3b,open_ended,Pannerdens Kanaal,8,0.06295060691678647,0.4330127018922193,0.37006209497543285,-0.37006209497543285,0.17049592564298446,0.25,,-0.04055895085306846,-0.06983065953654186,0.007709447415329779,-0.5,-0.5,0.0,stable
squad_9459,squad,qwen2.5:3b,open_ended,City of Edinburgh Council,8,0.1875,0.0,0.1875,0.1875,0.8125,1.0,,0.0,0.375,0.0,0.0,0.0,0.0,artifact
squad_949,squad,qwen2.5:3b,open_ended,"""Bricks for Warsaw""",8,0.18154609435347263,0.0,0.18154609435347263,0.18154609435347263,0.5691964285714286,1.0,,0.013392857142857095,0.36160714285714274,0.013392857142857095,0.0,0.0,0.0,artifact
squad_9560,squad,qwen2.5:3b,open_ended,the Monarch,8,0.02886751345948128,0.0,0.02886751345948128,0.02886751345948128,0.3166666666666667,1.0,,0.033333333333333326,0.033333333333333326,0.0,0.0,0.0,0.0,artifact
squad_9577,squad,qwen2.5:3b,open_ended,legislative programme for the forthcoming year,8,0.062118270906997085,0.0,0.062118270906997085,0.062118270906997085,0.6296767905426648,1.0,,0.02927120669056149,0.10145884424322438,-0.02927120669056149,0.0,0.0,0.0,artifact
squad_9654,squad,qwen2.5:3b,open_ended,Saudi,8,0.04566256942705045,0.0,0.04566256942705045,0.04566256942705045,0.044758454106280196,1.0,,0.009516908212560383,-0.08951690821256038,-0.006038647342995175,0.0,0.0,0.0,artifact
squad_9674,squad,qwen2.5:3b,open_ended,in a modern context,8,0.0,0.0,0.0,0.0,0.6666666666666666,1.0,,0.0,0.0,0.0,0.0,0.0,0.0,artifact
squad_9763,squad,qwen2.5:3b,open_ended,American attack on Iraq,8,0.009057971014492766,0.0,0.009057971014492766,0.009057971014492766,0.4257246376811594,1.0,,0.0,0.018115942028985532,0.0,0.0,0.0,0.0,artifact
squad_9771,squad,qwen2.5:3b,open_ended,1992,8,0.0,0.0,0.0,0.0,0.2222222222222222,1.0,,0.0,0.0,0.0,0.0,0.0,0.0,artifact
squad_9813,squad,qwen2.5:3b,open_ended,undermining the communist ideology,8,0.11111748651629812,0.0,0.11111748651629812,0.11111748651629812,0.3862155388471178,1.0,,0.06566416040100259,0.20100250626566418,0.009523809523809545,0.0,0.0,0.0,artifact
squad_9863,squad,qwen2.5:3b,open_ended,irrational and backward,8,0.2529723000012081,0.0,0.2529723000012081,0.2529723000012081,0.576388888888889,1.0,,-0.06944444444444442,0.3472222222222222,0.26388888888888895,0.0,0.0,0.0,artifact
squad_9891,squad,qwen2.5:3b,open_ended,many imperial powers,8,0.03461030590390737,0.0,0.03461030590390737,0.03461030590390737,0.03295248078266946,1.0,,-0.00886792452830188,-0.06590496156533891,-0.00816911250873515,0.0,0.0,0.0,artifact
squad_9938,squad,qwen2.5:3b,open_ended,Algeria,8,0.22592402852876597,0.0,0.22592402852876597,0.22592402852876597,0.375,1.0,,0.1166666666666667,0.35,0.1166666666666667,0.0,0.0,0.0,artifact
squad_9977,squad,qwen2.5:3b,open_ended,Middle East,8,0.08636769213076233,0.4841229182759271,0.3977552261451648,-0.3977552261451648,0.21886258091753447,0.375,,-0.05127005347593583,0.13727483816493102,-0.03246200394033211,0.25,-0.75,0.25,stable
squad_9980,squad,qwen2.5:3b,open_ended,a war erupted,8,0.02556257077598013,0.0,0.02556257077598013,0.02556257077598013,0.07623238123648296,1.0,,0.007998359310910585,0.04753523752703409,0.007010217018420473,0.0,0.0,0.0,artifact
